timestamp,price
2009-09-26T00:00:00Z,1.46684
2009-09-28T00:00:00Z,1.47076
2009-09-29T00:00:00Z,1.46206
2009-09-30T00:00:00Z,1.45925
2009-10-01T00:00:00Z,1.46526
2009-10-02T00:00:00Z,1.45137
2009-10-03T00:00:00Z,1.45726
2009-10-05T00:00:00Z,1.45971
2009-10-06T00:00:00Z,1.46569
2009-10-07T00:00:00Z,1.47203
2009-10-08T00:00:00Z,1.47134
2009-10-09T00:00:00Z,1.4772
2009-10-10T00:00:00Z,1.47106
2009-10-12T00:00:00Z,1.47189
2009-10-13T00:00:00Z,1.47899
2009-10-14T00:00:00Z,1.48483
2009-10-15T00:00:00Z,1.49319
2009-10-16T00:00:00Z,1.49536
2009-10-17T00:00:00Z,1.48933
2009-10-19T00:00:00Z,1.48937
2009-10-20T00:00:00Z,1.49664
2009-10-21T00:00:00Z,1.49299
2009-10-22T00:00:00Z,1.50117
2009-10-23T00:00:00Z,1.50379
2009-10-24T00:00:00Z,1.49957
2009-10-26T00:00:00Z,1.49894
2009-10-27T00:00:00Z,1.48564
2009-10-28T00:00:00Z,1.48192
2009-10-29T00:00:00Z,1.47146
2009-10-30T00:00:00Z,1.4838
2009-10-31T00:00:00Z,1.47115
2009-11-02T00:00:00Z,1.47045
2009-11-03T00:00:00Z,1.47714
2009-11-04T00:00:00Z,1.4731
2009-11-05T00:00:00Z,1.48654
2009-11-06T00:00:00Z,1.48752
2009-11-07T00:00:00Z,1.48446
2009-11-09T00:00:00Z,1.48652
2009-11-10T00:00:00Z,1.50042
2009-11-11T00:00:00Z,1.4991
2009-11-12T00:00:00Z,1.4982
2009-11-13T00:00:00Z,1.48554
2009-11-14T00:00:00Z,1.49201
2009-11-16T00:00:00Z,1.4955
2009-11-17T00:00:00Z,1.49814
2009-11-18T00:00:00Z,1.4874
2009-11-19T00:00:00Z,1.49531
2009-11-20T00:00:00Z,1.49125
2009-11-21T00:00:00Z,1.48605
2009-11-23T00:00:00Z,1.48669
2009-11-24T00:00:00Z,1.49542
2009-11-25T00:00:00Z,1.49653
2009-11-26T00:00:00Z,1.51256
2009-11-27T00:00:00Z,1.49656
2009-11-28T00:00:00Z,1.49665
2009-11-30T00:00:00Z,1.49965
2009-12-01T00:00:00Z,1.50341
2009-12-02T00:00:00Z,1.50885
2009-12-03T00:00:00Z,1.50661
2009-12-04T00:00:00Z,1.5062
2009-12-05T00:00:00Z,1.48455
2009-12-07T00:00:00Z,1.48705
2009-12-08T00:00:00Z,1.48373
2009-12-09T00:00:00Z,1.4691
2009-12-10T00:00:00Z,1.47345
2009-12-11T00:00:00Z,1.47284
2009-12-12T00:00:00Z,1.46271
2009-12-14T00:00:00Z,1.46212
2009-12-15T00:00:00Z,1.46566
2009-12-16T00:00:00Z,1.45394
2009-12-17T00:00:00Z,1.4524
2009-12-18T00:00:00Z,1.43432
2009-12-19T00:00:00Z,1.43334
2009-12-21T00:00:00Z,1.43294
2009-12-22T00:00:00Z,1.42838
2009-12-23T00:00:00Z,1.42526
2009-12-24T00:00:00Z,1.43344
2009-12-25T00:00:00Z,1.43632
2009-12-28T00:00:00Z,1.43747
2009-12-29T00:00:00Z,1.43724
2009-12-30T00:00:00Z,1.43397
2009-12-31T00:00:00Z,1.43399
2010-01-01T00:00:00Z,1.4331
2010-01-04T00:00:00Z,1.43154
2010-01-05T00:00:00Z,1.44235
2010-01-06T00:00:00Z,1.43635
2010-01-07T00:00:00Z,1.44004
2010-01-08T00:00:00Z,1.43161
2010-01-09T00:00:00Z,1.4414
2010-01-11T00:00:00Z,1.44629
2010-01-12T00:00:00Z,1.4507
2010-01-13T00:00:00Z,1.44749
2010-01-14T00:00:00Z,1.45216
2010-01-15T00:00:00Z,1.44984
2010-01-16T00:00:00Z,1.43787
2010-01-18T00:00:00Z,1.43672
2010-01-19T00:00:00Z,1.44033
2010-01-20T00:00:00Z,1.42794
2010-01-21T00:00:00Z,1.41112
2010-01-22T00:00:00Z,1.40976
2010-01-23T00:00:00Z,1.41583
2010-01-25T00:00:00Z,1.41523
2010-01-26T00:00:00Z,1.41463
2010-01-27T00:00:00Z,1.40812
2010-01-28T00:00:00Z,1.40281
2010-01-29T00:00:00Z,1.39623
2010-01-30T00:00:00Z,1.38642
2010-02-01T00:00:00Z,1.38745
2010-02-02T00:00:00Z,1.39212
2010-02-03T00:00:00Z,1.39745
2010-02-04T00:00:00Z,1.3896
2010-02-05T00:00:00Z,1.37405
2010-02-06T00:00:00Z,1.36625
2010-02-08T00:00:00Z,1.3642
2010-02-09T00:00:00Z,1.3654
2010-02-10T00:00:00Z,1.37801
2010-02-11T00:00:00Z,1.37469
2010-02-12T00:00:00Z,1.36865
2010-02-13T00:00:00Z,1.36165
2010-02-15T00:00:00Z,1.36217
2010-02-16T00:00:00Z,1.35966
2010-02-17T00:00:00Z,1.37566
2010-02-18T00:00:00Z,1.36069
2010-02-19T00:00:00Z,1.34661
2010-02-20T00:00:00Z,1.3594
2010-02-22T00:00:00Z,1.36288
2010-02-23T00:00:00Z,1.36049
2010-02-24T00:00:00Z,1.3523
2010-02-25T00:00:00Z,1.35414
2010-02-26T00:00:00Z,1.35353
2010-02-27T00:00:00Z,1.36148
2010-03-01T00:00:00Z,1.3638
2010-03-02T00:00:00Z,1.35604
2010-03-03T00:00:00Z,1.36185
2010-03-04T00:00:00Z,1.36993
2010-03-05T00:00:00Z,1.35809
2010-03-06T00:00:00Z,1.36194
2010-03-08T00:00:00Z,1.36359
2010-03-09T00:00:00Z,1.36185
2010-03-10T00:00:00Z,1.3605
2010-03-11T00:00:00Z,1.36426
2010-03-12T00:00:00Z,1.36835
2010-03-13T00:00:00Z,1.37605
2010-03-15T00:00:00Z,1.37722
2010-03-16T00:00:00Z,1.36729
2010-03-17T00:00:00Z,1.37666
2010-03-18T00:00:00Z,1.3736
2010-03-19T00:00:00Z,1.36104
2010-03-20T00:00:00Z,1.35345
2010-03-22T00:00:00Z,1.35115
2010-03-23T00:00:00Z,1.35662
2010-03-24T00:00:00Z,1.34675
2010-03-25T00:00:00Z,1.33287
2010-03-26T00:00:00Z,1.33047
2010-03-27T00:00:00Z,1.34214
2010-03-29T00:00:00Z,1.34437
2010-03-30T00:00:00Z,1.34884
2010-03-31T00:00:00Z,1.3433
2010-04-01T00:00:00Z,1.35255
2010-04-02T00:00:00Z,1.35864
2010-04-03T00:00:00Z,1.34889
2010-04-05T00:00:00Z,1.34929
2010-04-06T00:00:00Z,1.3466
2010-04-07T00:00:00Z,1.3381
2010-04-08T00:00:00Z,1.33298
2010-04-09T00:00:00Z,1.3375
2010-04-10T00:00:00Z,1.34946
2010-04-12T00:00:00Z,1.36566
2010-04-13T00:00:00Z,1.35856
2010-04-14T00:00:00Z,1.36138
2010-04-15T00:00:00Z,1.36556
2010-04-16T00:00:00Z,1.35653
2010-04-17T00:00:00Z,1.35071
2010-04-19T00:00:00Z,1.34753
2010-04-20T00:00:00Z,1.34854
2010-04-21T00:00:00Z,1.34211
2010-04-22T00:00:00Z,1.33874
2010-04-23T00:00:00Z,1.32219
2010-04-24T00:00:00Z,1.3373
2010-04-26T00:00:00Z,1.33615
2010-04-27T00:00:00Z,1.33938
2010-04-28T00:00:00Z,1.31786
2010-04-29T00:00:00Z,1.31959
2010-04-30T00:00:00Z,1.32497
2010-05-01T00:00:00Z,1.33151
2010-05-03T00:00:00Z,1.33115
2010-05-04T00:00:00Z,1.31948
2010-05-05T00:00:00Z,1.29765
2010-05-06T00:00:00Z,1.28148
2010-05-07T00:00:00Z,1.26531
2010-05-08T00:00:00Z,1.27291
2010-05-10T00:00:00Z,1.28686
2010-05-11T00:00:00Z,1.27365
2010-05-12T00:00:00Z,1.26379
2010-05-13T00:00:00Z,1.26451
2010-05-14T00:00:00Z,1.25309
2010-05-15T00:00:00Z,1.23806
2010-05-17T00:00:00Z,1.23575
2010-05-18T00:00:00Z,1.23817
2010-05-19T00:00:00Z,1.21433
2010-05-20T00:00:00Z,1.2384
2010-05-21T00:00:00Z,1.25383
2010-05-22T00:00:00Z,1.25689
2010-05-24T00:00:00Z,1.25109
2010-05-25T00:00:00Z,1.23377
2010-05-26T00:00:00Z,1.23317
2010-05-27T00:00:00Z,1.21821
2010-05-28T00:00:00Z,1.23662
2010-05-29T00:00:00Z,1.22669
2010-05-31T00:00:00Z,1.22881
2010-06-01T00:00:00Z,1.22697
2010-06-02T00:00:00Z,1.2245
2010-06-03T00:00:00Z,1.22514
2010-06-04T00:00:00Z,1.21774
2010-06-05T00:00:00Z,1.1966
2010-06-08T00:00:00Z,1.19214
2010-06-09T00:00:00Z,1.19576
2010-06-10T00:00:00Z,1.19886
2010-06-11T00:00:00Z,1.213
2010-06-12T00:00:00Z,1.20958
2010-06-14T00:00:00Z,1.22036
2010-06-15T00:00:00Z,1.22101
2010-06-16T00:00:00Z,1.23148
2010-06-17T00:00:00Z,1.22982
2010-06-18T00:00:00Z,1.23861
2010-06-19T00:00:00Z,1.23759
2010-06-21T00:00:00Z,1.24146
2010-06-22T00:00:00Z,1.23206
2010-06-23T00:00:00Z,1.22647
2010-06-24T00:00:00Z,1.23054
2010-06-25T00:00:00Z,1.23351
2010-06-26T00:00:00Z,1.2391
2010-06-28T00:00:00Z,1.23852
2010-06-29T00:00:00Z,1.2286
2010-06-30T00:00:00Z,1.21838
2010-07-01T00:00:00Z,1.22272
2010-07-02T00:00:00Z,1.25109
2010-07-03T00:00:00Z,1.25486
2010-07-05T00:00:00Z,1.25455
2010-07-06T00:00:00Z,1.25063
2010-07-07T00:00:00Z,1.26218
2010-07-08T00:00:00Z,1.26237
2010-07-09T00:00:00Z,1.26886
2010-07-10T00:00:00Z,1.26406
2010-07-12T00:00:00Z,1.26376
2010-07-13T00:00:00Z,1.26024
2010-07-14T00:00:00Z,1.27184
2010-07-15T00:00:00Z,1.27335
2010-07-16T00:00:00Z,1.29179
2010-07-17T00:00:00Z,1.29272
2010-07-19T00:00:00Z,1.28879
2010-07-20T00:00:00Z,1.29384
2010-07-21T00:00:00Z,1.29046
2010-07-22T00:00:00Z,1.27589
2010-07-23T00:00:00Z,1.2911
2010-07-24T00:00:00Z,1.2912
2010-07-27T00:00:00Z,1.2981
2010-07-28T00:00:00Z,1.29874
2010-07-29T00:00:00Z,1.29985
2010-07-30T00:00:00Z,1.30656
2010-07-31T00:00:00Z,1.30355
2010-08-02T00:00:00Z,1.30588
2010-08-03T00:00:00Z,1.31709
2010-08-04T00:00:00Z,1.32195
2010-08-05T00:00:00Z,1.31534
2010-08-06T00:00:00Z,1.31782
2010-08-07T00:00:00Z,1.32899
2010-08-09T00:00:00Z,1.32826
2010-08-10T00:00:00Z,1.32145
2010-08-11T00:00:00Z,1.31542
2010-08-12T00:00:00Z,1.28483
2010-08-13T00:00:00Z,1.28416
2010-08-14T00:00:00Z,1.27506
2010-08-16T00:00:00Z,1.27557
2010-08-17T00:00:00Z,1.28125
2010-08-18T00:00:00Z,1.28686
2010-08-19T00:00:00Z,1.2794
2010-08-20T00:00:00Z,1.28066
2010-08-21T00:00:00Z,1.27057
2010-08-23T00:00:00Z,1.2698
2010-08-24T00:00:00Z,1.26299
2010-08-25T00:00:00Z,1.26347
2010-08-26T00:00:00Z,1.26706
2010-08-27T00:00:00Z,1.27033
2010-08-28T00:00:00Z,1.27315
2010-08-30T00:00:00Z,1.27516
2010-08-31T00:00:00Z,1.26628
2010-09-01T00:00:00Z,1.2672
2010-09-02T00:00:00Z,1.27936
2010-09-03T00:00:00Z,1.28138
2010-09-04T00:00:00Z,1.2894
2010-09-06T00:00:00Z,1.2887
2010-09-07T00:00:00Z,1.28173
2010-09-08T00:00:00Z,1.26913
2010-09-09T00:00:00Z,1.27264
2010-09-10T00:00:00Z,1.26771
2010-09-11T00:00:00Z,1.27076
2010-09-13T00:00:00Z,1.27589
2010-09-14T00:00:00Z,1.28621
2010-09-15T00:00:00Z,1.29945
2010-09-16T00:00:00Z,1.30099
2010-09-17T00:00:00Z,1.30659
2010-09-18T00:00:00Z,1.30363
2010-09-20T00:00:00Z,1.30425
2010-09-21T00:00:00Z,1.30617
2010-09-22T00:00:00Z,1.32821
2010-09-23T00:00:00Z,1.33921
2010-09-24T00:00:00Z,1.32933
2010-09-25T00:00:00Z,1.34905
2010-09-28T00:00:00Z,1.34289
2010-09-29T00:00:00Z,1.35719
2010-09-30T00:00:00Z,1.36234
2010-10-01T00:00:00Z,1.36297
2010-10-02T00:00:00Z,1.37765
2010-10-04T00:00:00Z,1.37746
2010-10-05T00:00:00Z,1.36471
2010-10-06T00:00:00Z,1.38525
2010-10-07T00:00:00Z,1.39147
2010-10-08T00:00:00Z,1.39236
2010-10-09T00:00:00Z,1.39249
2010-10-11T00:00:00Z,1.39956
2010-10-12T00:00:00Z,1.38641
2010-10-13T00:00:00Z,1.39196
2010-10-14T00:00:00Z,1.39818
2010-10-15T00:00:00Z,1.40236
2010-10-16T00:00:00Z,1.39713
2010-10-18T00:00:00Z,1.39505
2010-10-19T00:00:00Z,1.39623
2010-10-20T00:00:00Z,1.36982
2010-10-21T00:00:00Z,1.39751
2010-10-22T00:00:00Z,1.39115
2010-10-23T00:00:00Z,1.39273
2010-10-25T00:00:00Z,1.3961
2010-10-26T00:00:00Z,1.39219
2010-10-27T00:00:00Z,1.38451
2010-10-28T00:00:00Z,1.37939
2010-10-29T00:00:00Z,1.39423
2010-10-30T00:00:00Z,1.39164
2010-11-01T00:00:00Z,1.39721
2010-11-02T00:00:00Z,1.39078
2010-11-03T00:00:00Z,1.40317
2010-11-04T00:00:00Z,1.41245
2010-11-05T00:00:00Z,1.42271
2010-11-06T00:00:00Z,1.40319
2010-11-08T00:00:00Z,1.40733
2010-11-09T00:00:00Z,1.38618
2010-11-10T00:00:00Z,1.37675
2010-11-11T00:00:00Z,1.37733
2010-11-12T00:00:00Z,1.36201
2010-11-13T00:00:00Z,1.36912
2010-11-15T00:00:00Z,1.36871
2010-11-16T00:00:00Z,1.35721
2010-11-17T00:00:00Z,1.34931
2010-11-18T00:00:00Z,1.35517
2010-11-19T00:00:00Z,1.36561
2010-11-20T00:00:00Z,1.36845
2010-11-22T00:00:00Z,1.37403
2010-11-23T00:00:00Z,1.35983
2010-11-24T00:00:00Z,1.33846
2010-11-25T00:00:00Z,1.33566
2010-11-26T00:00:00Z,1.33384
2010-11-27T00:00:00Z,1.32463
2010-11-29T00:00:00Z,1.32363
2010-11-30T00:00:00Z,1.30991
2010-12-01T00:00:00Z,1.29941
2010-12-02T00:00:00Z,1.31241
2010-12-03T00:00:00Z,1.32112
2010-12-04T00:00:00Z,1.34102
2010-12-06T00:00:00Z,1.34126
2010-12-07T00:00:00Z,1.32877
2010-12-08T00:00:00Z,1.32466
2010-12-09T00:00:00Z,1.32469
2010-12-10T00:00:00Z,1.32393
2010-12-11T00:00:00Z,1.3227
2010-12-13T00:00:00Z,1.31951
2010-12-14T00:00:00Z,1.33929
2010-12-15T00:00:00Z,1.33554
2010-12-16T00:00:00Z,1.32233
2010-12-17T00:00:00Z,1.32377
2010-12-18T00:00:00Z,1.31838
2010-12-20T00:00:00Z,1.31616
2010-12-21T00:00:00Z,1.31155
2010-12-22T00:00:00Z,1.30895
2010-12-23T00:00:00Z,1.31128
2010-12-24T00:00:00Z,1.3122
2010-12-25T00:00:00Z,1.31146
2010-12-27T00:00:00Z,1.30777
2010-12-28T00:00:00Z,1.31871
2010-12-29T00:00:00Z,1.30838
2010-12-30T00:00:00Z,1.32227
2010-12-31T00:00:00Z,1.33002
2011-01-01T00:00:00Z,1.33903
2011-01-03T00:00:00Z,1.3355
2011-01-04T00:00:00Z,1.33545
2011-01-05T00:00:00Z,1.33169
2011-01-06T00:00:00Z,1.31547
2011-01-07T00:00:00Z,1.2978
2011-01-08T00:00:00Z,1.29099
2011-01-10T00:00:00Z,1.28939
2011-01-11T00:00:00Z,1.2963
2011-01-12T00:00:00Z,1.29815
2011-01-13T00:00:00Z,1.31255
2011-01-14T00:00:00Z,1.33497
2011-01-15T00:00:00Z,1.33727
2011-01-17T00:00:00Z,1.33776
2011-01-18T00:00:00Z,1.32799
2011-01-19T00:00:00Z,1.33769
2011-01-20T00:00:00Z,1.34504
2011-01-21T00:00:00Z,1.34644
2011-01-22T00:00:00Z,1.36138
2011-01-24T00:00:00Z,1.36179
2011-01-25T00:00:00Z,1.36415
2011-01-26T00:00:00Z,1.36839
2011-01-27T00:00:00Z,1.37086
2011-01-28T00:00:00Z,1.37207
2011-01-29T00:00:00Z,1.36074
2011-01-31T00:00:00Z,1.35706
2011-02-01T00:00:00Z,1.37123
2011-02-02T00:00:00Z,1.38274
2011-02-03T00:00:00Z,1.38152
2011-02-04T00:00:00Z,1.36226
2011-02-05T00:00:00Z,1.35796
2011-02-07T00:00:00Z,1.3572
2011-02-08T00:00:00Z,1.35916
2011-02-09T00:00:00Z,1.36247
2011-02-10T00:00:00Z,1.37183
2011-02-11T00:00:00Z,1.36019
2011-02-12T00:00:00Z,1.35463
2011-02-14T00:00:00Z,1.35107
2011-02-15T00:00:00Z,1.34778
2011-02-16T00:00:00Z,1.34977
2011-02-17T00:00:00Z,1.35726
2011-02-18T00:00:00Z,1.36215
2011-02-19T00:00:00Z,1.36846
2011-02-21T00:00:00Z,1.37111
2011-02-22T00:00:00Z,1.36799
2011-02-23T00:00:00Z,1.36711
2011-02-24T00:00:00Z,1.37591
2011-02-25T00:00:00Z,1.38184
2011-02-26T00:00:00Z,1.37491
2011-02-28T00:00:00Z,1.37329
2011-03-01T00:00:00Z,1.38194
2011-03-02T00:00:00Z,1.3767
2011-03-03T00:00:00Z,1.3864
2011-03-04T00:00:00Z,1.39549
2011-03-05T00:00:00Z,1.39831
2011-03-07T00:00:00Z,1.39892
2011-03-08T00:00:00Z,1.39611
2011-03-09T00:00:00Z,1.38931
2011-03-10T00:00:00Z,1.39024
2011-03-11T00:00:00Z,1.37997
2011-03-12T00:00:00Z,1.39016
2011-03-14T00:00:00Z,1.39339
2011-03-15T00:00:00Z,1.39894
2011-03-16T00:00:00Z,1.39844
2011-03-17T00:00:00Z,1.38829
2011-03-18T00:00:00Z,1.40294
2011-03-19T00:00:00Z,1.4171
2011-03-21T00:00:00Z,1.41676
2011-03-22T00:00:00Z,1.42155
2011-03-23T00:00:00Z,1.41671
2011-03-24T00:00:00Z,1.41035
2011-03-25T00:00:00Z,1.41683
2011-03-26T00:00:00Z,1.40731
2011-03-28T00:00:00Z,1.40338
2011-03-29T00:00:00Z,1.40719
2011-03-30T00:00:00Z,1.41195
2011-03-31T00:00:00Z,1.41262
2011-04-01T00:00:00Z,1.41555
2011-04-02T00:00:00Z,1.42266
2011-04-04T00:00:00Z,1.42332
2011-04-05T00:00:00Z,1.42043
2011-04-06T00:00:00Z,1.42304
2011-04-07T00:00:00Z,1.43232
2011-04-08T00:00:00Z,1.42966
2011-04-09T00:00:00Z,1.44839
2011-04-11T00:00:00Z,1.44791
2011-04-12T00:00:00Z,1.44222
2011-04-13T00:00:00Z,1.44814
2011-04-14T00:00:00Z,1.445
2011-04-15T00:00:00Z,1.45008
2011-04-16T00:00:00Z,1.44222
2011-04-18T00:00:00Z,1.43954
2011-04-19T00:00:00Z,1.42361
2011-04-20T00:00:00Z,1.43639
2011-04-21T00:00:00Z,1.45165
2011-04-22T00:00:00Z,1.45577
2011-04-23T00:00:00Z,1.45453
2011-04-25T00:00:00Z,1.45878
2011-04-26T00:00:00Z,1.45504
2011-04-27T00:00:00Z,1.47034
2011-04-28T00:00:00Z,1.47867
2011-04-29T00:00:00Z,1.48395
2011-04-30T00:00:00Z,1.48134
2011-05-02T00:00:00Z,1.48147
2011-05-03T00:00:00Z,1.4793
2011-05-04T00:00:00Z,1.48357
2011-05-05T00:00:00Z,1.4826
2011-05-06T00:00:00Z,1.4557
2011-05-07T00:00:00Z,1.43509
2011-05-09T00:00:00Z,1.43875
2011-05-10T00:00:00Z,1.43673
2011-05-11T00:00:00Z,1.43988
2011-05-12T00:00:00Z,1.42056
2011-05-13T00:00:00Z,1.42285
2011-05-14T00:00:00Z,1.40992
2011-05-16T00:00:00Z,1.4065
2011-05-17T00:00:00Z,1.41439
2011-05-18T00:00:00Z,1.42654
2011-05-19T00:00:00Z,1.42571
2011-05-20T00:00:00Z,1.43244
2011-05-21T00:00:00Z,1.41541
2011-05-23T00:00:00Z,1.41157
2011-05-24T00:00:00Z,1.40125
2011-05-25T00:00:00Z,1.40914
2011-05-26T00:00:00Z,1.40681
2011-05-27T00:00:00Z,1.41427
2011-05-28T00:00:00Z,1.42816
2011-05-30T00:00:00Z,1.42887
2011-05-31T00:00:00Z,1.43317
2011-06-01T00:00:00Z,1.44232
2011-06-02T00:00:00Z,1.43441
2011-06-03T00:00:00Z,1.44857
2011-06-04T00:00:00Z,1.46333
2011-06-06T00:00:00Z,1.46506
2011-06-07T00:00:00Z,1.45895
2011-06-08T00:00:00Z,1.46783
2011-06-09T00:00:00Z,1.45908
2011-06-10T00:00:00Z,1.45358
2011-06-11T00:00:00Z,1.43321
2011-06-13T00:00:00Z,1.43346
2011-06-14T00:00:00Z,1.44139
2011-06-15T00:00:00Z,1.44319
2011-06-16T00:00:00Z,1.41907
2011-06-17T00:00:00Z,1.42005
2011-06-18T00:00:00Z,1.43019
2011-06-20T00:00:00Z,1.42563
2011-06-21T00:00:00Z,1.43604
2011-06-22T00:00:00Z,1.43759
2011-06-23T00:00:00Z,1.43297
2011-06-24T00:00:00Z,1.42605
2011-06-25T00:00:00Z,1.41854
2011-06-27T00:00:00Z,1.41533
2011-06-28T00:00:00Z,1.43099
2011-06-29T00:00:00Z,1.43561
2011-06-30T00:00:00Z,1.44627
2011-07-01T00:00:00Z,1.44733
2011-07-02T00:00:00Z,1.45263
2011-07-04T00:00:00Z,1.45624
2011-07-05T00:00:00Z,1.45405
2011-07-06T00:00:00Z,1.44332
2011-07-07T00:00:00Z,1.43339
2011-07-08T00:00:00Z,1.43602
2011-07-09T00:00:00Z,1.42564
2011-07-11T00:00:00Z,1.42114
2011-07-12T00:00:00Z,1.40371
2011-07-13T00:00:00Z,1.39884
2011-07-14T00:00:00Z,1.42685
2011-07-15T00:00:00Z,1.41606
2011-07-16T00:00:00Z,1.41576
2011-07-18T00:00:00Z,1.41251
2011-07-19T00:00:00Z,1.41249
2011-07-20T00:00:00Z,1.41693
2011-07-21T00:00:00Z,1.42597
2011-07-22T00:00:00Z,1.44071
2011-07-23T00:00:00Z,1.43633
2011-07-25T00:00:00Z,1.43655
2011-07-26T00:00:00Z,1.43722
2011-07-27T00:00:00Z,1.45069
2011-07-28T00:00:00Z,1.43603
2011-07-29T00:00:00Z,1.43256
2011-07-30T00:00:00Z,1.43712
2011-08-01T00:00:00Z,1.43529
2011-08-02T00:00:00Z,1.42716
2011-08-03T00:00:00Z,1.41827
2011-08-04T00:00:00Z,1.43482
2011-08-05T00:00:00Z,1.40738
2011-08-06T00:00:00Z,1.42809
2011-08-08T00:00:00Z,1.43065
2011-08-09T00:00:00Z,1.41746
2011-08-10T00:00:00Z,1.43534
2011-08-11T00:00:00Z,1.4136
2011-08-12T00:00:00Z,1.42136
2011-08-13T00:00:00Z,1.42473
2011-08-15T00:00:00Z,1.42824
2011-08-16T00:00:00Z,1.44363
2011-08-17T00:00:00Z,1.43794
2011-08-18T00:00:00Z,1.44269
2011-08-19T00:00:00Z,1.42954
2011-08-20T00:00:00Z,1.43928
2011-08-22T00:00:00Z,1.43654
2011-08-23T00:00:00Z,1.43562
2011-08-24T00:00:00Z,1.44368
2011-08-25T00:00:00Z,1.44065
2011-08-26T00:00:00Z,1.43869
2011-08-27T00:00:00Z,1.44953
2011-08-29T00:00:00Z,1.44794
2011-08-30T00:00:00Z,1.45149
2011-08-31T00:00:00Z,1.44382
2011-09-01T00:00:00Z,1.4363
2011-09-02T00:00:00Z,1.42677
2011-09-03T00:00:00Z,1.41926
2011-09-05T00:00:00Z,1.41472
2011-09-06T00:00:00Z,1.4068
2011-09-07T00:00:00Z,1.40081
2011-09-08T00:00:00Z,1.40793
2011-09-09T00:00:00Z,1.3888
2011-09-10T00:00:00Z,1.3662
2011-09-12T00:00:00Z,1.3582
2011-09-13T00:00:00Z,1.36371
2011-09-14T00:00:00Z,1.36809
2011-09-15T00:00:00Z,1.37469
2011-09-16T00:00:00Z,1.38793
2011-09-17T00:00:00Z,1.37835
2011-09-19T00:00:00Z,1.36805
2011-09-20T00:00:00Z,1.36209
2011-09-21T00:00:00Z,1.37049
2011-09-22T00:00:00Z,1.35768
2011-09-23T00:00:00Z,1.35036
2011-09-24T00:00:00Z,1.35039
2011-09-26T00:00:00Z,1.35151
2011-09-27T00:00:00Z,1.34953
2011-09-28T00:00:00Z,1.35844
2011-09-29T00:00:00Z,1.35219
2011-09-30T00:00:00Z,1.35944
2011-10-01T00:00:00Z,1.33929
2011-10-03T00:00:00Z,1.33551
2011-10-04T00:00:00Z,1.31892
2011-10-05T00:00:00Z,1.3316
2011-10-06T00:00:00Z,1.33433
2011-10-07T00:00:00Z,1.34256
2011-10-08T00:00:00Z,1.33913
2011-10-10T00:00:00Z,1.33987
2011-10-11T00:00:00Z,1.36253
2011-10-12T00:00:00Z,1.36323
2011-10-13T00:00:00Z,1.37764
2011-10-14T00:00:00Z,1.37512
2011-10-15T00:00:00Z,1.38824
2011-10-17T00:00:00Z,1.38719
2011-10-18T00:00:00Z,1.37441
2011-10-19T00:00:00Z,1.3731
2011-10-20T00:00:00Z,1.37661
2011-10-21T00:00:00Z,1.37929
2011-10-22T00:00:00Z,1.38901
2011-10-24T00:00:00Z,1.38487
2011-10-25T00:00:00Z,1.39184
2011-10-26T00:00:00Z,1.38987
2011-10-27T00:00:00Z,1.38842
2011-10-28T00:00:00Z,1.41972
2011-10-29T00:00:00Z,1.41551
2011-10-31T00:00:00Z,1.41368
2011-11-01T00:00:00Z,1.38579
2011-11-02T00:00:00Z,1.36538
2011-11-03T00:00:00Z,1.36878
2011-11-04T00:00:00Z,1.38213
2011-11-05T00:00:00Z,1.37719
2011-11-07T00:00:00Z,1.37865
2011-11-08T00:00:00Z,1.37579
2011-11-09T00:00:00Z,1.38237
2011-11-10T00:00:00Z,1.35248
2011-11-11T00:00:00Z,1.36081
2011-11-12T00:00:00Z,1.37543
2011-11-14T00:00:00Z,1.37834
2011-11-15T00:00:00Z,1.3623
2011-11-16T00:00:00Z,1.35031
2011-11-17T00:00:00Z,1.34385
2011-11-18T00:00:00Z,1.34529
2011-11-19T00:00:00Z,1.3509
2011-11-21T00:00:00Z,1.35344
2011-11-22T00:00:00Z,1.34824
2011-11-23T00:00:00Z,1.35175
2011-11-24T00:00:00Z,1.33429
2011-11-25T00:00:00Z,1.33287
2011-11-26T00:00:00Z,1.32305
2011-11-28T00:00:00Z,1.33083
2011-11-29T00:00:00Z,1.33133
2011-11-30T00:00:00Z,1.33217
2011-12-01T00:00:00Z,1.34412
2011-12-02T00:00:00Z,1.3465
2011-12-03T00:00:00Z,1.34046
2011-12-05T00:00:00Z,1.34143
2011-12-06T00:00:00Z,1.33854
2011-12-07T00:00:00Z,1.34083
2011-12-08T00:00:00Z,1.3398
2011-12-09T00:00:00Z,1.33444
2011-12-10T00:00:00Z,1.33799
2011-12-12T00:00:00Z,1.3369
2011-12-13T00:00:00Z,1.31634
2011-12-14T00:00:00Z,1.30174
2011-12-15T00:00:00Z,1.29836
2011-12-16T00:00:00Z,1.30279
2011-12-17T00:00:00Z,1.30399
2011-12-19T00:00:00Z,1.30344
2011-12-20T00:00:00Z,1.3005
2011-12-21T00:00:00Z,1.30853
2011-12-22T00:00:00Z,1.30347
2011-12-23T00:00:00Z,1.30531
2011-12-24T00:00:00Z,1.30404
2011-12-26T00:00:00Z,1.30407
2011-12-27T00:00:00Z,1.3046
2011-12-28T00:00:00Z,1.30669
2011-12-29T00:00:00Z,1.29237
2011-12-30T00:00:00Z,1.29509
2011-12-31T00:00:00Z,1.29581
2012-01-03T00:00:00Z,1.29352
2012-01-04T00:00:00Z,1.30528
2012-01-05T00:00:00Z,1.29293
2012-01-06T00:00:00Z,1.27905
2012-01-07T00:00:00Z,1.27136
2012-01-09T00:00:00Z,1.26777
2012-01-10T00:00:00Z,1.27712
2012-01-11T00:00:00Z,1.2752
2012-01-12T00:00:00Z,1.27204
2012-01-13T00:00:00Z,1.28191
2012-01-14T00:00:00Z,1.26742
2012-01-16T00:00:00Z,1.26466
2012-01-17T00:00:00Z,1.26648
2012-01-18T00:00:00Z,1.27453
2012-01-19T00:00:00Z,1.28627
2012-01-20T00:00:00Z,1.296
2012-01-21T00:00:00Z,1.29273
2012-01-23T00:00:00Z,1.28855
2012-01-24T00:00:00Z,1.30237
2012-01-25T00:00:00Z,1.30339
2012-01-26T00:00:00Z,1.31051
2012-01-27T00:00:00Z,1.3087
2012-01-28T00:00:00Z,1.32134
2012-01-30T00:00:00Z,1.3205
2012-01-31T00:00:00Z,1.3137
2012-02-01T00:00:00Z,1.30746
2012-02-02T00:00:00Z,1.31684
2012-02-03T00:00:00Z,1.31349
2012-02-04T00:00:00Z,1.31514
2012-02-06T00:00:00Z,1.31232
2012-02-07T00:00:00Z,1.3117
2012-02-08T00:00:00Z,1.32466
2012-02-09T00:00:00Z,1.32462
2012-02-10T00:00:00Z,1.32745
2012-02-11T00:00:00Z,1.31962
2012-02-13T00:00:00Z,1.32386
2012-02-14T00:00:00Z,1.31532
2012-02-15T00:00:00Z,1.31273
2012-02-16T00:00:00Z,1.30541
2012-02-17T00:00:00Z,1.31261
2012-02-18T00:00:00Z,1.31405
2012-02-20T00:00:00Z,1.32223
2012-02-21T00:00:00Z,1.32064
2012-02-22T00:00:00Z,1.32474
2012-02-23T00:00:00Z,1.32543
2012-02-24T00:00:00Z,1.33729
2012-02-25T00:00:00Z,1.34469
2012-02-27T00:00:00Z,1.34664
2012-02-28T00:00:00Z,1.34064
2012-02-29T00:00:00Z,1.34775
2012-03-01T00:00:00Z,1.33231
2012-03-02T00:00:00Z,1.33256
2012-03-03T00:00:00Z,1.31982
2012-03-05T00:00:00Z,1.31843
2012-03-06T00:00:00Z,1.32222
2012-03-07T00:00:00Z,1.31186
2012-03-08T00:00:00Z,1.31396
2012-03-09T00:00:00Z,1.32703
2012-03-10T00:00:00Z,1.31164
2012-03-12T00:00:00Z,1.31209
2012-03-13T00:00:00Z,1.31686
2012-03-14T00:00:00Z,1.30779
2012-03-15T00:00:00Z,1.30193
2012-03-16T00:00:00Z,1.3076
2012-03-17T00:00:00Z,1.31702
2012-03-19T00:00:00Z,1.31751
2012-03-20T00:00:00Z,1.3228
2012-03-21T00:00:00Z,1.3237
2012-03-22T00:00:00Z,1.32163
2012-03-23T00:00:00Z,1.32034
2012-03-24T00:00:00Z,1.32657
2012-03-26T00:00:00Z,1.32825
2012-03-27T00:00:00Z,1.33556
2012-03-28T00:00:00Z,1.33279
2012-03-29T00:00:00Z,1.33243
2012-03-30T00:00:00Z,1.33127
2012-03-31T00:00:00Z,1.33387
2012-04-02T00:00:00Z,1.33553
2012-04-03T00:00:00Z,1.33287
2012-04-04T00:00:00Z,1.32214
2012-04-05T00:00:00Z,1.31424
2012-04-06T00:00:00Z,1.30613
2012-04-07T00:00:00Z,1.30902
2012-04-09T00:00:00Z,1.30842
2012-04-10T00:00:00Z,1.31078
2012-04-11T00:00:00Z,1.30704
2012-04-12T00:00:00Z,1.31176
2012-04-13T00:00:00Z,1.31873
2012-04-14T00:00:00Z,1.30723
2012-04-16T00:00:00Z,1.30424
2012-04-17T00:00:00Z,1.3125
2012-04-18T00:00:00Z,1.31339
2012-04-19T00:00:00Z,1.3116
2012-04-20T00:00:00Z,1.3142
2012-04-21T00:00:00Z,1.32044
2012-04-23T00:00:00Z,1.32062
2012-04-24T00:00:00Z,1.31478
2012-04-25T00:00:00Z,1.31945
2012-04-26T00:00:00Z,1.323
2012-04-27T00:00:00Z,1.31908
2012-04-28T00:00:00Z,1.32485
2012-04-30T00:00:00Z,1.32384
2012-05-01T00:00:00Z,1.32377
2012-05-02T00:00:00Z,1.32371
2012-05-03T00:00:00Z,1.31466
2012-05-04T00:00:00Z,1.31533
2012-05-05T00:00:00Z,1.30779
2012-05-07T00:00:00Z,1.29603
2012-05-08T00:00:00Z,1.30578
2012-05-09T00:00:00Z,1.29918
2012-05-10T00:00:00Z,1.29332
2012-05-11T00:00:00Z,1.29319
2012-05-12T00:00:00Z,1.29117
2012-05-14T00:00:00Z,1.28962
2012-05-15T00:00:00Z,1.28289
2012-05-16T00:00:00Z,1.27337
2012-05-17T00:00:00Z,1.27311
2012-05-18T00:00:00Z,1.26969
2012-05-19T00:00:00Z,1.27773
2012-05-21T00:00:00Z,1.27704
2012-05-22T00:00:00Z,1.28112
2012-05-23T00:00:00Z,1.26597
2012-05-24T00:00:00Z,1.25599
2012-05-25T00:00:00Z,1.25342
2012-05-26T00:00:00Z,1.25139
2012-05-28T00:00:00Z,1.2565
2012-05-29T00:00:00Z,1.25205
2012-05-30T00:00:00Z,1.24764
2012-05-31T00:00:00Z,1.23723
2012-06-01T00:00:00Z,1.23611
2012-06-02T00:00:00Z,1.24307
2012-06-04T00:00:00Z,1.23973
2012-06-05T00:00:00Z,1.25254
2012-06-06T00:00:00Z,1.24602
2012-06-07T00:00:00Z,1.25751
2012-06-08T00:00:00Z,1.25663
2012-06-09T00:00:00Z,1.25134
2012-06-11T00:00:00Z,1.26431
2012-06-12T00:00:00Z,1.24764
2012-06-13T00:00:00Z,1.24997
2012-06-14T00:00:00Z,1.25734
2012-06-15T00:00:00Z,1.2625
2012-06-16T00:00:00Z,1.2633
2012-06-18T00:00:00Z,1.2703
2012-06-19T00:00:00Z,1.25952
2012-06-20T00:00:00Z,1.2678
2012-06-21T00:00:00Z,1.26796
2012-06-22T00:00:00Z,1.25487
2012-06-23T00:00:00Z,1.25663
2012-06-25T00:00:00Z,1.25366
2012-06-26T00:00:00Z,1.25014
2012-06-27T00:00:00Z,1.24843
2012-06-28T00:00:00Z,1.24686
2012-06-29T00:00:00Z,1.24399
2012-06-30T00:00:00Z,1.26536
2012-07-02T00:00:00Z,1.26535
2012-07-03T00:00:00Z,1.25786
2012-07-04T00:00:00Z,1.26036
2012-07-05T00:00:00Z,1.25147
2012-07-06T00:00:00Z,1.23912
2012-07-07T00:00:00Z,1.22841
2012-07-09T00:00:00Z,1.22691
2012-07-10T00:00:00Z,1.23164
2012-07-11T00:00:00Z,1.22539
2012-07-12T00:00:00Z,1.22436
2012-07-13T00:00:00Z,1.21871
2012-07-14T00:00:00Z,1.2243
2012-07-16T00:00:00Z,1.2246
2012-07-17T00:00:00Z,1.22645
2012-07-18T00:00:00Z,1.22942
2012-07-19T00:00:00Z,1.22757
2012-07-20T00:00:00Z,1.22751
2012-07-21T00:00:00Z,1.21501
2012-07-23T00:00:00Z,1.21262
2012-07-24T00:00:00Z,1.21228
2012-07-25T00:00:00Z,1.20606
2012-07-26T00:00:00Z,1.21378
2012-07-27T00:00:00Z,1.22764
2012-07-28T00:00:00Z,1.23146
2012-07-30T00:00:00Z,1.23013
2012-07-31T00:00:00Z,1.22587
2012-08-01T00:00:00Z,1.2291
2012-08-02T00:00:00Z,1.22379
2012-08-03T00:00:00Z,1.21772
2012-08-04T00:00:00Z,1.23837
2012-08-06T00:00:00Z,1.2426
2012-08-07T00:00:00Z,1.23871
2012-08-08T00:00:00Z,1.23832
2012-08-09T00:00:00Z,1.23709
2012-08-10T00:00:00Z,1.22917
2012-08-11T00:00:00Z,1.2286
2012-08-13T00:00:00Z,1.22739
2012-08-14T00:00:00Z,1.23252
2012-08-15T00:00:00Z,1.23226
2012-08-16T00:00:00Z,1.22877
2012-08-17T00:00:00Z,1.23558
2012-08-18T00:00:00Z,1.23288
2012-08-20T00:00:00Z,1.23308
2012-08-21T00:00:00Z,1.23497
2012-08-22T00:00:00Z,1.24752
2012-08-23T00:00:00Z,1.25327
2012-08-24T00:00:00Z,1.25585
2012-08-25T00:00:00Z,1.25104
2012-08-27T00:00:00Z,1.2504
2012-08-28T00:00:00Z,1.24998
2012-08-29T00:00:00Z,1.25692
2012-08-30T00:00:00Z,1.25292
2012-08-31T00:00:00Z,1.25082
2012-09-01T00:00:00Z,1.25663
2012-09-03T00:00:00Z,1.25722
2012-09-04T00:00:00Z,1.25851
2012-09-05T00:00:00Z,1.25324
2012-09-06T00:00:00Z,1.25991
2012-09-07T00:00:00Z,1.26297
2012-09-08T00:00:00Z,1.28154
2012-09-10T00:00:00Z,1.27943
2012-09-11T00:00:00Z,1.27604
2012-09-12T00:00:00Z,1.28501
2012-09-13T00:00:00Z,1.29009
2012-09-14T00:00:00Z,1.29915
2012-09-15T00:00:00Z,1.31286
2012-09-17T00:00:00Z,1.31126
2012-09-18T00:00:00Z,1.31066
2012-09-19T00:00:00Z,1.3045
2012-09-20T00:00:00Z,1.30561
2012-09-21T00:00:00Z,1.29723
2012-09-22T00:00:00Z,1.29784
2012-09-24T00:00:00Z,1.29657
2012-09-25T00:00:00Z,1.29392
2012-09-26T00:00:00Z,1.28973
2012-09-27T00:00:00Z,1.28768
2012-09-28T00:00:00Z,1.29109
2012-09-29T00:00:00Z,1.28551
2012-10-01T00:00:00Z,1.28058
2012-10-02T00:00:00Z,1.2887
2012-10-03T00:00:00Z,1.29101
2012-10-04T00:00:00Z,1.29217
2012-10-05T00:00:00Z,1.30115
2012-10-06T00:00:00Z,1.3032
2012-10-08T00:00:00Z,1.30139
2012-10-09T00:00:00Z,1.29738
2012-10-10T00:00:00Z,1.28578
2012-10-11T00:00:00Z,1.28575
2012-10-12T00:00:00Z,1.29306
2012-10-13T00:00:00Z,1.29527
2012-10-15T00:00:00Z,1.2933
2012-10-16T00:00:00Z,1.29661
2012-10-17T00:00:00Z,1.31045
2012-10-18T00:00:00Z,1.3111
2012-10-19T00:00:00Z,1.30672
2012-10-20T00:00:00Z,1.30207
2012-10-22T00:00:00Z,1.30204
2012-10-23T00:00:00Z,1.30692
2012-10-24T00:00:00Z,1.29724
2012-10-25T00:00:00Z,1.29633
2012-10-26T00:00:00Z,1.29375
2012-10-27T00:00:00Z,1.29394
2012-10-29T00:00:00Z,1.29208
2012-10-30T00:00:00Z,1.29058
2012-10-31T00:00:00Z,1.29599
2012-11-01T00:00:00Z,1.29629
2012-11-02T00:00:00Z,1.29455
2012-11-03T00:00:00Z,1.28371
2012-11-05T00:00:00Z,1.28215
2012-11-06T00:00:00Z,1.27986
2012-11-07T00:00:00Z,1.28045
2012-11-08T00:00:00Z,1.27551
2012-11-09T00:00:00Z,1.27403
2012-11-10T00:00:00Z,1.27134
2012-11-12T00:00:00Z,1.27194
2012-11-13T00:00:00Z,1.27047
2012-11-14T00:00:00Z,1.27083
2012-11-15T00:00:00Z,1.27284
2012-11-16T00:00:00Z,1.27802
2012-11-17T00:00:00Z,1.27412
2012-11-19T00:00:00Z,1.27575
2012-11-20T00:00:00Z,1.27657
2012-11-21T00:00:00Z,1.28113
2012-11-22T00:00:00Z,1.28627
2012-11-23T00:00:00Z,1.2873
2012-11-24T00:00:00Z,1.29744
2012-11-26T00:00:00Z,1.29718
2012-11-27T00:00:00Z,1.29873
2012-11-28T00:00:00Z,1.29364
2012-11-29T00:00:00Z,1.29493
2012-11-30T00:00:00Z,1.29708
2012-12-01T00:00:00Z,1.29852
2012-12-03T00:00:00Z,1.29945
2012-12-04T00:00:00Z,1.30625
2012-12-05T00:00:00Z,1.30975
2012-12-06T00:00:00Z,1.30711
2012-12-07T00:00:00Z,1.29604
2012-12-08T00:00:00Z,1.2926
2012-12-10T00:00:00Z,1.29051
2012-12-11T00:00:00Z,1.29358
2012-12-12T00:00:00Z,1.30104
2012-12-13T00:00:00Z,1.30641
2012-12-14T00:00:00Z,1.30757
2012-12-15T00:00:00Z,1.31601
2012-12-17T00:00:00Z,1.31647
2012-12-18T00:00:00Z,1.31598
2012-12-19T00:00:00Z,1.32273
2012-12-20T00:00:00Z,1.32118
2012-12-21T00:00:00Z,1.32358
2012-12-22T00:00:00Z,1.31853
2012-12-24T00:00:00Z,1.3179
2012-12-25T00:00:00Z,1.31751
2012-12-27T00:00:00Z,1.32267
2012-12-28T00:00:00Z,1.3247
2012-12-29T00:00:00Z,1.32166
2012-12-31T00:00:00Z,1.32247
2013-01-01T00:00:00Z,1.31837
2013-01-03T00:00:00Z,1.31823
2013-01-04T00:00:00Z,1.30234
2013-01-05T00:00:00Z,1.30668
2013-01-07T00:00:00Z,1.30667
2013-01-08T00:00:00Z,1.31222
2013-01-09T00:00:00Z,1.30815
2013-01-10T00:00:00Z,1.30523
2013-01-11T00:00:00Z,1.32716
2013-01-12T00:00:00Z,1.33416
2013-01-14T00:00:00Z,1.3357
2013-01-15T00:00:00Z,1.3376
2013-01-16T00:00:00Z,1.33082
2013-01-17T00:00:00Z,1.32837
2013-01-18T00:00:00Z,1.33729
2013-01-19T00:00:00Z,1.33108
2013-01-21T00:00:00Z,1.33168
2013-01-22T00:00:00Z,1.33084
2013-01-23T00:00:00Z,1.33115
2013-01-24T00:00:00Z,1.33056
2013-01-25T00:00:00Z,1.33664
2013-01-26T00:00:00Z,1.34558
2013-01-28T00:00:00Z,1.34635
2013-01-29T00:00:00Z,1.34459
2013-01-30T00:00:00Z,1.34866
2013-01-31T00:00:00Z,1.35669
2013-02-01T00:00:00Z,1.36107
2013-02-02T00:00:00Z,1.36379
2013-02-04T00:00:00Z,1.3644
2013-02-05T00:00:00Z,1.35094
2013-02-06T00:00:00Z,1.35814
2013-02-07T00:00:00Z,1.35209
2013-02-08T00:00:00Z,1.33816
2013-02-09T00:00:00Z,1.33618
2013-02-11T00:00:00Z,1.33652
2013-02-12T00:00:00Z,1.34008
2013-02-13T00:00:00Z,1.34512
2013-02-14T00:00:00Z,1.34434
2013-02-15T00:00:00Z,1.33489
2013-02-16T00:00:00Z,1.33619
2013-02-18T00:00:00Z,1.33381
2013-02-19T00:00:00Z,1.33475
2013-02-20T00:00:00Z,1.33938
2013-02-21T00:00:00Z,1.32719
2013-02-22T00:00:00Z,1.31909
2013-02-23T00:00:00Z,1.31859
2013-02-25T00:00:00Z,1.31903
2013-02-26T00:00:00Z,1.30649
2013-02-27T00:00:00Z,1.30663
2013-02-28T00:00:00Z,1.31539
2013-03-01T00:00:00Z,1.30591
2013-03-02T00:00:00Z,1.30193
2013-03-04T00:00:00Z,1.30149
2013-03-05T00:00:00Z,1.30338
2013-03-06T00:00:00Z,1.30462
2013-03-07T00:00:00Z,1.29768
2013-03-08T00:00:00Z,1.31068
2013-03-09T00:00:00Z,1.29991
2013-03-11T00:00:00Z,1.29865
2013-03-12T00:00:00Z,1.30313
2013-03-13T00:00:00Z,1.30292
2013-03-14T00:00:00Z,1.29581
2013-03-15T00:00:00Z,1.30109
2013-03-16T00:00:00Z,1.30734
2013-03-18T00:00:00Z,1.28899
2013-03-19T00:00:00Z,1.29425
2013-03-20T00:00:00Z,1.28628
2013-03-21T00:00:00Z,1.29381
2013-03-22T00:00:00Z,1.2902
2013-03-23T00:00:00Z,1.29883
2013-03-25T00:00:00Z,1.3018
2013-03-26T00:00:00Z,1.28562
2013-03-27T00:00:00Z,1.28593
2013-03-28T00:00:00Z,1.27734
2013-03-29T00:00:00Z,1.28122
2013-03-30T00:00:00Z,1.28144
2013-04-01T00:00:00Z,1.28042
2013-04-02T00:00:00Z,1.28474
2013-04-03T00:00:00Z,1.2818
2013-04-04T00:00:00Z,1.28481
2013-04-05T00:00:00Z,1.29245
2013-04-06T00:00:00Z,1.29961
2013-04-08T00:00:00Z,1.29897
2013-04-09T00:00:00Z,1.3028
2013-04-10T00:00:00Z,1.30795
2013-04-11T00:00:00Z,1.30508
2013-04-12T00:00:00Z,1.3115
2013-04-13T00:00:00Z,1.31067
2013-04-15T00:00:00Z,1.30956
2013-04-16T00:00:00Z,1.30519
2013-04-17T00:00:00Z,1.31766
2013-04-18T00:00:00Z,1.30325
2013-04-19T00:00:00Z,1.30514
2013-04-20T00:00:00Z,1.30516
2013-04-22T00:00:00Z,1.30562
2013-04-23T00:00:00Z,1.30583
2013-04-24T00:00:00Z,1.2993
2013-04-25T00:00:00Z,1.30146
2013-04-26T00:00:00Z,1.30027
2013-04-27T00:00:00Z,1.30272
2013-04-29T00:00:00Z,1.30398
2013-04-30T00:00:00Z,1.30933
2013-05-01T00:00:00Z,1.31667
2013-05-02T00:00:00Z,1.31783
2013-05-03T00:00:00Z,1.30649
2013-05-04T00:00:00Z,1.3113
2013-05-06T00:00:00Z,1.31196
2013-05-07T00:00:00Z,1.30714
2013-05-08T00:00:00Z,1.30739
2013-05-09T00:00:00Z,1.31591
2013-05-10T00:00:00Z,1.30308
2013-05-11T00:00:00Z,1.29899
2013-05-13T00:00:00Z,1.2966
2013-05-14T00:00:00Z,1.29858
2013-05-15T00:00:00Z,1.29353
2013-05-16T00:00:00Z,1.28813
2013-05-17T00:00:00Z,1.28818
2013-05-18T00:00:00Z,1.28335
2013-05-20T00:00:00Z,1.28298
2013-05-21T00:00:00Z,1.28893
2013-05-22T00:00:00Z,1.29188
2013-05-23T00:00:00Z,1.28411
2013-05-24T00:00:00Z,1.29217
2013-05-25T00:00:00Z,1.29336
2013-05-27T00:00:00Z,1.29347
2013-05-28T00:00:00Z,1.29329
2013-05-29T00:00:00Z,1.28434
2013-05-30T00:00:00Z,1.29455
2013-05-31T00:00:00Z,1.30412
2013-06-01T00:00:00Z,1.29945
2013-06-03T00:00:00Z,1.29933
2013-06-04T00:00:00Z,1.30693
2013-06-05T00:00:00Z,1.30707
2013-06-06T00:00:00Z,1.30856
2013-06-07T00:00:00Z,1.32412
2013-06-08T00:00:00Z,1.32117
2013-06-10T00:00:00Z,1.32013
2013-06-11T00:00:00Z,1.32519
2013-06-12T00:00:00Z,1.33112
2013-06-13T00:00:00Z,1.33434
2013-06-14T00:00:00Z,1.33575
2013-06-15T00:00:00Z,1.33416
2013-06-17T00:00:00Z,1.33531
2013-06-18T00:00:00Z,1.33611
2013-06-19T00:00:00Z,1.33918
2013-06-20T00:00:00Z,1.32806
2013-06-21T00:00:00Z,1.32267
2013-06-22T00:00:00Z,1.31187
2013-06-24T00:00:00Z,1.31052
2013-06-25T00:00:00Z,1.31337
2013-06-26T00:00:00Z,1.30742
2013-06-27T00:00:00Z,1.30151
2013-06-28T00:00:00Z,1.30351
2013-06-29T00:00:00Z,1.30092
2013-07-01T00:00:00Z,1.30067
2013-07-02T00:00:00Z,1.30667
2013-07-03T00:00:00Z,1.29736
2013-07-04T00:00:00Z,1.30196
2013-07-05T00:00:00Z,1.28912
2013-07-06T00:00:00Z,1.28287
2013-07-08T00:00:00Z,1.28117
2013-07-09T00:00:00Z,1.28597
2013-07-10T00:00:00Z,1.27755
2013-07-11T00:00:00Z,1.31152
2013-07-12T00:00:00Z,1.30857
2013-07-13T00:00:00Z,1.30657
2013-07-15T00:00:00Z,1.30597
2013-07-16T00:00:00Z,1.30568
2013-07-17T00:00:00Z,1.31467
2013-07-18T00:00:00Z,1.31152
2013-07-19T00:00:00Z,1.31076
2013-07-20T00:00:00Z,1.31343
2013-07-22T00:00:00Z,1.3157
2013-07-23T00:00:00Z,1.31898
2013-07-24T00:00:00Z,1.32202
2013-07-25T00:00:00Z,1.31893
2013-07-26T00:00:00Z,1.32724
2013-07-27T00:00:00Z,1.32762
2013-07-29T00:00:00Z,1.32846
2013-07-30T00:00:00Z,1.32621
2013-07-31T00:00:00Z,1.32645
2013-08-01T00:00:00Z,1.32994
2013-08-02T00:00:00Z,1.32104
2013-08-03T00:00:00Z,1.32793
2013-08-05T00:00:00Z,1.3276
2013-08-06T00:00:00Z,1.32565
2013-08-07T00:00:00Z,1.33062
2013-08-08T00:00:00Z,1.33393
2013-08-09T00:00:00Z,1.33789
2013-08-10T00:00:00Z,1.33387
2013-08-12T00:00:00Z,1.33373
2013-08-13T00:00:00Z,1.32905
2013-08-14T00:00:00Z,1.32639
2013-08-15T00:00:00Z,1.32635
2013-08-16T00:00:00Z,1.33494
2013-08-17T00:00:00Z,1.33253
2013-08-19T00:00:00Z,1.33279
2013-08-20T00:00:00Z,1.33327
2013-08-21T00:00:00Z,1.34195
2013-08-22T00:00:00Z,1.334
2013-08-23T00:00:00Z,1.33544
2013-08-24T00:00:00Z,1.33748
2013-08-26T00:00:00Z,1.33856
2013-08-27T00:00:00Z,1.3377
2013-08-28T00:00:00Z,1.33896
2013-08-29T00:00:00Z,1.33338
2013-08-30T00:00:00Z,1.32357
2013-08-31T00:00:00Z,1.322
2013-09-02T00:00:00Z,1.32056
2013-09-03T00:00:00Z,1.31881
2013-09-04T00:00:00Z,1.31707
2013-09-05T00:00:00Z,1.31991
2013-09-06T00:00:00Z,1.31184
2013-09-07T00:00:00Z,1.31755
2013-09-09T00:00:00Z,1.31709
2013-09-10T00:00:00Z,1.32543
2013-09-11T00:00:00Z,1.32662
2013-09-12T00:00:00Z,1.33123
2013-09-13T00:00:00Z,1.32973
2013-09-14T00:00:00Z,1.32979
2013-09-16T00:00:00Z,1.33574
2013-09-17T00:00:00Z,1.33343
2013-09-18T00:00:00Z,1.33554
2013-09-19T00:00:00Z,1.35224
2013-09-20T00:00:00Z,1.35323
2013-09-21T00:00:00Z,1.35253
2013-09-23T00:00:00Z,1.35323
2013-09-24T00:00:00Z,1.34956
2013-09-25T00:00:00Z,1.3472
2013-09-26T00:00:00Z,1.35163
2013-09-27T00:00:00Z,1.34865
2013-09-28T00:00:00Z,1.35195
2013-09-30T00:00:00Z,1.34934
2013-10-01T00:00:00Z,1.35224
2013-10-02T00:00:00Z,1.35218
2013-10-03T00:00:00Z,1.35887
2013-10-04T00:00:00Z,1.36217
2013-10-05T00:00:00Z,1.35521
2013-10-07T00:00:00Z,1.35674
2013-10-08T00:00:00Z,1.35798
2013-10-09T00:00:00Z,1.35977
2013-10-10T00:00:00Z,1.35172
2013-10-11T00:00:00Z,1.35253
2013-10-12T00:00:00Z,1.35378
2013-10-14T00:00:00Z,1.35541
2013-10-15T00:00:00Z,1.35553
2013-10-16T00:00:00Z,1.35196
2013-10-17T00:00:00Z,1.35206
2013-10-18T00:00:00Z,1.36673
2013-10-19T00:00:00Z,1.36823
2013-10-21T00:00:00Z,1.36801
2013-10-22T00:00:00Z,1.3671
2013-10-23T00:00:00Z,1.37771
2013-10-24T00:00:00Z,1.37776
2013-10-25T00:00:00Z,1.38006
2013-10-26T00:00:00Z,1.38009
2013-10-28T00:00:00Z,1.38035
2013-10-29T00:00:00Z,1.37869
2013-10-30T00:00:00Z,1.37414
2013-10-31T00:00:00Z,1.37223
2013-11-01T00:00:00Z,1.35778
2013-11-02T00:00:00Z,1.34891
2013-11-04T00:00:00Z,1.34907
2013-11-05T00:00:00Z,1.35142
2013-11-06T00:00:00Z,1.34709
2013-11-07T00:00:00Z,1.35163
2013-11-08T00:00:00Z,1.34076
2013-11-09T00:00:00Z,1.3366
2013-11-11T00:00:00Z,1.33454
2013-11-12T00:00:00Z,1.34064
2013-11-13T00:00:00Z,1.34365
2013-11-14T00:00:00Z,1.34833
2013-11-15T00:00:00Z,1.3445
2013-11-16T00:00:00Z,1.34938
2013-11-18T00:00:00Z,1.34811
2013-11-19T00:00:00Z,1.35015
2013-11-20T00:00:00Z,1.35631
2013-11-21T00:00:00Z,1.34292
2013-11-22T00:00:00Z,1.347
2013-11-23T00:00:00Z,1.35544
2013-11-25T00:00:00Z,1.35502
2013-11-26T00:00:00Z,1.35322
2013-11-27T00:00:00Z,1.35659
2013-11-28T00:00:00Z,1.35719
2013-11-29T00:00:00Z,1.36017
2013-11-30T00:00:00Z,1.3591
2013-12-02T00:00:00Z,1.35839
2013-12-03T00:00:00Z,1.35409
2013-12-04T00:00:00Z,1.35905
2013-12-05T00:00:00Z,1.35844
2013-12-06T00:00:00Z,1.36677
2013-12-07T00:00:00Z,1.37012
2013-12-09T00:00:00Z,1.37057
2013-12-10T00:00:00Z,1.37358
2013-12-11T00:00:00Z,1.3763
2013-12-12T00:00:00Z,1.3784
2013-12-13T00:00:00Z,1.37485
2013-12-14T00:00:00Z,1.37415
2013-12-16T00:00:00Z,1.37368
2013-12-17T00:00:00Z,1.37596
2013-12-18T00:00:00Z,1.37681
2013-12-19T00:00:00Z,1.36816
2013-12-20T00:00:00Z,1.36546
2013-12-21T00:00:00Z,1.36663
2013-12-23T00:00:00Z,1.36764
2013-12-24T00:00:00Z,1.36961
2013-12-25T00:00:00Z,1.36739
2013-12-27T00:00:00Z,1.36934
2013-12-28T00:00:00Z,1.37453
2013-12-30T00:00:00Z,1.37501
2013-12-31T00:00:00Z,1.38078
2014-01-01T00:00:00Z,1.37769
2014-01-03T00:00:00Z,1.36642
2014-01-04T00:00:00Z,1.3588
2014-01-06T00:00:00Z,1.35946
2014-01-07T00:00:00Z,1.36286
2014-01-08T00:00:00Z,1.36163
2014-01-09T00:00:00Z,1.35703
2014-01-10T00:00:00Z,1.3605
2014-01-11T00:00:00Z,1.36661
2014-01-13T00:00:00Z,1.36712
2014-01-14T00:00:00Z,1.36676
2014-01-15T00:00:00Z,1.3666
2014-01-16T00:00:00Z,1.35984
2014-01-17T00:00:00Z,1.36144
2014-01-18T00:00:00Z,1.35397
2014-01-20T00:00:00Z,1.35262
2014-01-21T00:00:00Z,1.35446
2014-01-22T00:00:00Z,1.35562
2014-01-23T00:00:00Z,1.3543
2014-01-24T00:00:00Z,1.3687
2014-01-25T00:00:00Z,1.36703
2014-01-27T00:00:00Z,1.36858
2014-01-28T00:00:00Z,1.36732
2014-01-29T00:00:00Z,1.36529
2014-01-30T00:00:00Z,1.36561
2014-01-31T00:00:00Z,1.35564
2014-02-01T00:00:00Z,1.34876
2014-02-03T00:00:00Z,1.34862
2014-02-04T00:00:00Z,1.35214
2014-02-05T00:00:00Z,1.35149
2014-02-06T00:00:00Z,1.35327
2014-02-07T00:00:00Z,1.35907
2014-02-08T00:00:00Z,1.36314
2014-02-10T00:00:00Z,1.36176
2014-02-11T00:00:00Z,1.36442
2014-02-12T00:00:00Z,1.36354
2014-02-13T00:00:00Z,1.35866
2014-02-14T00:00:00Z,1.36752
2014-02-15T00:00:00Z,1.36899
2014-02-17T00:00:00Z,1.37031
2014-02-18T00:00:00Z,1.37028
2014-02-19T00:00:00Z,1.37594
2014-02-20T00:00:00Z,1.37285
2014-02-21T00:00:00Z,1.37195
2014-02-22T00:00:00Z,1.37354
2014-02-24T00:00:00Z,1.37363
2014-02-25T00:00:00Z,1.37335
2014-02-26T00:00:00Z,1.37446
2014-02-27T00:00:00Z,1.368
2014-02-28T00:00:00Z,1.37053
2014-03-01T00:00:00Z,1.37984
2014-03-03T00:00:00Z,1.3773
2014-03-04T00:00:00Z,1.37343
2014-03-05T00:00:00Z,1.37408
2014-03-06T00:00:00Z,1.37304
2014-03-07T00:00:00Z,1.38624
2014-03-08T00:00:00Z,1.38774
2014-03-10T00:00:00Z,1.38765
2014-03-11T00:00:00Z,1.38748
2014-03-12T00:00:00Z,1.38552
2014-03-13T00:00:00Z,1.39013
2014-03-14T00:00:00Z,1.3864
2014-03-15T00:00:00Z,1.39044
2014-03-17T00:00:00Z,1.39079
2014-03-18T00:00:00Z,1.3924
2014-03-19T00:00:00Z,1.3928
2014-03-20T00:00:00Z,1.3817
2014-03-21T00:00:00Z,1.37775
2014-03-22T00:00:00Z,1.37854
2014-03-24T00:00:00Z,1.37958
2014-03-25T00:00:00Z,1.38351
2014-03-26T00:00:00Z,1.38187
2014-03-27T00:00:00Z,1.37845
2014-03-28T00:00:00Z,1.37395
2014-03-29T00:00:00Z,1.3751
2014-03-31T00:00:00Z,1.3752
2014-04-01T00:00:00Z,1.37728
2014-04-02T00:00:00Z,1.37923
2014-04-03T00:00:00Z,1.37655
2014-04-04T00:00:00Z,1.37216
2014-04-05T00:00:00Z,1.37011
2014-04-07T00:00:00Z,1.37025
2014-04-08T00:00:00Z,1.37409
2014-04-09T00:00:00Z,1.37918
2014-04-10T00:00:00Z,1.38513
2014-04-11T00:00:00Z,1.38855
2014-04-12T00:00:00Z,1.3883
2014-04-14T00:00:00Z,1.38453
2014-04-15T00:00:00Z,1.38144
2014-04-16T00:00:00Z,1.38098
2014-04-17T00:00:00Z,1.38227
2014-04-18T00:00:00Z,1.38096
2014-04-19T00:00:00Z,1.38048
2014-04-21T00:00:00Z,1.38131
2014-04-22T00:00:00Z,1.37903
2014-04-23T00:00:00Z,1.38058
2014-04-24T00:00:00Z,1.3816
2014-04-25T00:00:00Z,1.38293
2014-04-26T00:00:00Z,1.38327
2014-04-28T00:00:00Z,1.38378
2014-04-29T00:00:00Z,1.38507
2014-04-30T00:00:00Z,1.38118
2014-05-01T00:00:00Z,1.3867
2014-05-02T00:00:00Z,1.38688
2014-05-03T00:00:00Z,1.38713
2014-05-05T00:00:00Z,1.38706
2014-05-06T00:00:00Z,1.38736
2014-05-07T00:00:00Z,1.39281
2014-05-08T00:00:00Z,1.39093
2014-05-09T00:00:00Z,1.38416
2014-05-10T00:00:00Z,1.37598
2014-05-12T00:00:00Z,1.37593
2014-05-13T00:00:00Z,1.37544
2014-05-14T00:00:00Z,1.37067
2014-05-15T00:00:00Z,1.37165
2014-05-16T00:00:00Z,1.37158
2014-05-17T00:00:00Z,1.36925
2014-05-19T00:00:00Z,1.37018
2014-05-20T00:00:00Z,1.37112
2014-05-21T00:00:00Z,1.37023
2014-05-22T00:00:00Z,1.36808
2014-05-23T00:00:00Z,1.36521
2014-05-24T00:00:00Z,1.3628
2014-05-26T00:00:00Z,1.36266
2014-05-27T00:00:00Z,1.36509
2014-05-28T00:00:00Z,1.36324
2014-05-29T00:00:00Z,1.35908
2014-05-30T00:00:00Z,1.36015
2014-05-31T00:00:00Z,1.36301
2014-06-02T00:00:00Z,1.36276
2014-06-03T00:00:00Z,1.35952
2014-06-04T00:00:00Z,1.36199
2014-06-05T00:00:00Z,1.36013
2014-06-06T00:00:00Z,1.36593
2014-06-07T00:00:00Z,1.364
2014-06-09T00:00:00Z,1.36466
2014-06-10T00:00:00Z,1.35913
2014-06-11T00:00:00Z,1.35381
2014-06-12T00:00:00Z,1.35317
2014-06-13T00:00:00Z,1.35496
2014-06-14T00:00:00Z,1.354
2014-06-16T00:00:00Z,1.35348
2014-06-17T00:00:00Z,1.35745
2014-06-18T00:00:00Z,1.35476
2014-06-19T00:00:00Z,1.35883
2014-06-20T00:00:00Z,1.3609
2014-06-21T00:00:00Z,1.35965
2014-06-23T00:00:00Z,1.35899
2014-06-24T00:00:00Z,1.35989
2014-06-25T00:00:00Z,1.36049
2014-06-26T00:00:00Z,1.36268
2014-06-27T00:00:00Z,1.36102
2014-06-28T00:00:00Z,1.36467
2014-06-30T00:00:00Z,1.36424
2014-07-01T00:00:00Z,1.36907
2014-07-02T00:00:00Z,1.36791
2014-07-03T00:00:00Z,1.36519
2014-07-04T00:00:00Z,1.36076
2014-07-05T00:00:00Z,1.35921
2014-07-07T00:00:00Z,1.35868
2014-07-08T00:00:00Z,1.36046
2014-07-09T00:00:00Z,1.36157
2014-07-10T00:00:00Z,1.36422
2014-07-11T00:00:00Z,1.3603
2014-07-12T00:00:00Z,1.36064
2014-07-14T00:00:00Z,1.3601
2014-07-15T00:00:00Z,1.36205
2014-07-16T00:00:00Z,1.35694
2014-07-17T00:00:00Z,1.35269
2014-07-18T00:00:00Z,1.35176
2014-07-19T00:00:00Z,1.35214
2014-07-21T00:00:00Z,1.35293
2014-07-22T00:00:00Z,1.35209
2014-07-23T00:00:00Z,1.34656
2014-07-24T00:00:00Z,1.34601
2014-07-25T00:00:00Z,1.34641
2014-07-26T00:00:00Z,1.3429
2014-07-28T00:00:00Z,1.34276
2014-07-29T00:00:00Z,1.34361
2014-07-30T00:00:00Z,1.34087
2014-07-31T00:00:00Z,1.33935
2014-08-01T00:00:00Z,1.33878
2014-08-02T00:00:00Z,1.34268
2014-08-04T00:00:00Z,1.34268
2014-08-05T00:00:00Z,1.34205
2014-08-06T00:00:00Z,1.33703
2014-08-07T00:00:00Z,1.33785
2014-08-08T00:00:00Z,1.33561
2014-08-09T00:00:00Z,1.34078
2014-08-11T00:00:00Z,1.34031
2014-08-12T00:00:00Z,1.33811
2014-08-13T00:00:00Z,1.33637
2014-08-14T00:00:00Z,1.33647
2014-08-15T00:00:00Z,1.33601
2014-08-16T00:00:00Z,1.3397
2014-08-18T00:00:00Z,1.33884
2014-08-19T00:00:00Z,1.3359
2014-08-20T00:00:00Z,1.33191
2014-08-21T00:00:00Z,1.32579
2014-08-22T00:00:00Z,1.32774
2014-08-23T00:00:00Z,1.32383
2014-08-25T00:00:00Z,1.31961
2014-08-26T00:00:00Z,1.3185
2014-08-27T00:00:00Z,1.31679
2014-08-28T00:00:00Z,1.31908
2014-08-29T00:00:00Z,1.3183
2014-08-30T00:00:00Z,1.31309
2014-09-01T00:00:00Z,1.31258
2014-09-02T00:00:00Z,1.31301
2014-09-03T00:00:00Z,1.31301
2014-09-04T00:00:00Z,1.3147
2014-09-05T00:00:00Z,1.29287
2014-09-06T00:00:00Z,1.29498
2014-09-08T00:00:00Z,1.29508
2014-09-09T00:00:00Z,1.28901
2014-09-10T00:00:00Z,1.29399
2014-09-11T00:00:00Z,1.29158
2014-09-12T00:00:00Z,1.29213
2014-09-13T00:00:00Z,1.29595
2014-09-15T00:00:00Z,1.29584
2014-09-16T00:00:00Z,1.29373
2014-09-17T00:00:00Z,1.29568
2014-09-18T00:00:00Z,1.28477
2014-09-19T00:00:00Z,1.29193
2014-09-20T00:00:00Z,1.28234
2014-09-22T00:00:00Z,1.28387
2014-09-23T00:00:00Z,1.28491
2014-09-24T00:00:00Z,1.28478
2014-09-25T00:00:00Z,1.27758
2014-09-26T00:00:00Z,1.2754
2014-09-27T00:00:00Z,1.26798
2014-09-29T00:00:00Z,1.26742
2014-09-30T00:00:00Z,1.26889
2014-10-01T00:00:00Z,1.26271
2014-10-02T00:00:00Z,1.26204
2014-10-03T00:00:00Z,1.26668
2014-10-04T00:00:00Z,1.25124
2014-10-06T00:00:00Z,1.25115
2014-10-07T00:00:00Z,1.26422
2014-10-08T00:00:00Z,1.26636
2014-10-09T00:00:00Z,1.27395
2014-10-10T00:00:00Z,1.2687
2014-10-11T00:00:00Z,1.26262
2014-10-13T00:00:00Z,1.26385
2014-10-14T00:00:00Z,1.27205
2014-10-15T00:00:00Z,1.26403
2014-10-16T00:00:00Z,1.28192
2014-10-17T00:00:00Z,1.28032
2014-10-18T00:00:00Z,1.2758
2014-10-20T00:00:00Z,1.27462
2014-10-21T00:00:00Z,1.27933
2014-10-22T00:00:00Z,1.27125
2014-10-23T00:00:00Z,1.26404
2014-10-24T00:00:00Z,1.26482
2014-10-25T00:00:00Z,1.26682
2014-10-27T00:00:00Z,1.26749
2014-10-28T00:00:00Z,1.27013
2014-10-29T00:00:00Z,1.2736
2014-10-30T00:00:00Z,1.26304
2014-10-31T00:00:00Z,1.26079
2014-11-01T00:00:00Z,1.25184
2014-11-03T00:00:00Z,1.25008
2014-11-04T00:00:00Z,1.24911
2014-11-05T00:00:00Z,1.25505
2014-11-06T00:00:00Z,1.24764
2014-11-07T00:00:00Z,1.2379
2014-11-08T00:00:00Z,1.2452
2014-11-10T00:00:00Z,1.24591
2014-11-11T00:00:00Z,1.24248
2014-11-12T00:00:00Z,1.24745
2014-11-13T00:00:00Z,1.24287
2014-11-14T00:00:00Z,1.24725
2014-11-15T00:00:00Z,1.25207
2014-11-17T00:00:00Z,1.252
2014-11-18T00:00:00Z,1.24489
2014-11-19T00:00:00Z,1.2531
2014-11-20T00:00:00Z,1.25392
2014-11-21T00:00:00Z,1.25419
2014-11-22T00:00:00Z,1.23863
2014-11-24T00:00:00Z,1.23706
2014-11-25T00:00:00Z,1.24326
2014-11-26T00:00:00Z,1.24784
2014-11-27T00:00:00Z,1.25031
2014-11-28T00:00:00Z,1.24584
2014-11-29T00:00:00Z,1.24489
2014-12-01T00:00:00Z,1.24355
2014-12-02T00:00:00Z,1.24689
2014-12-03T00:00:00Z,1.23865
2014-12-04T00:00:00Z,1.2313
2014-12-05T00:00:00Z,1.23845
2014-12-06T00:00:00Z,1.22802
2014-12-08T00:00:00Z,1.22926
2014-12-09T00:00:00Z,1.23135
2014-12-10T00:00:00Z,1.23868
2014-12-11T00:00:00Z,1.24791
2014-12-12T00:00:00Z,1.23921
2014-12-13T00:00:00Z,1.24594
2014-12-15T00:00:00Z,1.24627
2014-12-16T00:00:00Z,1.24391
2014-12-17T00:00:00Z,1.25097
2014-12-18T00:00:00Z,1.23355
2014-12-19T00:00:00Z,1.22878
2014-12-20T00:00:00Z,1.22286
2014-12-22T00:00:00Z,1.22235
2014-12-23T00:00:00Z,1.22223
2014-12-24T00:00:00Z,1.21739
2014-12-25T00:00:00Z,1.22002
2014-12-27T00:00:00Z,1.21767
2014-12-29T00:00:00Z,1.21672
2014-12-30T00:00:00Z,1.21521
2014-12-31T00:00:00Z,1.21598
2015-01-01T00:00:00Z,1.20981
2015-01-03T00:00:00Z,1.19984
2015-01-05T00:00:00Z,1.19455
2015-01-06T00:00:00Z,1.19364
2015-01-07T00:00:00Z,1.18712
2015-01-08T00:00:00Z,1.18325
2015-01-09T00:00:00Z,1.17909
2015-01-10T00:00:00Z,1.18414
2015-01-12T00:00:00Z,1.18686
2015-01-13T00:00:00Z,1.18309
2015-01-14T00:00:00Z,1.17757
2015-01-15T00:00:00Z,1.17829
2015-01-16T00:00:00Z,1.16352
2015-01-17T00:00:00Z,1.1557
2015-01-19T00:00:00Z,1.15599
2015-01-20T00:00:00Z,1.15935
2015-01-21T00:00:00Z,1.15444
2015-01-22T00:00:00Z,1.16134
2015-01-23T00:00:00Z,1.13456
2015-01-24T00:00:00Z,1.12031
2015-01-26T00:00:00Z,1.11404
2015-01-27T00:00:00Z,1.12485
2015-01-28T00:00:00Z,1.13666
2015-01-29T00:00:00Z,1.12822
2015-01-30T00:00:00Z,1.13328
2015-01-31T00:00:00Z,1.1276
2015-02-02T00:00:00Z,1.13062
2015-02-03T00:00:00Z,1.13381
2015-02-04T00:00:00Z,1.14555
2015-02-05T00:00:00Z,1.13155
2015-02-06T00:00:00Z,1.14696
2015-02-07T00:00:00Z,1.13129
2015-02-09T00:00:00Z,1.13124
2015-02-10T00:00:00Z,1.13232
2015-02-11T00:00:00Z,1.13174
2015-02-12T00:00:00Z,1.13098
2015-02-13T00:00:00Z,1.14026
2015-02-14T00:00:00Z,1.13819
2015-02-16T00:00:00Z,1.13965
2015-02-17T00:00:00Z,1.13313
2015-02-18T00:00:00Z,1.1403
2015-02-19T00:00:00Z,1.13983
2015-02-20T00:00:00Z,1.13646
2015-02-21T00:00:00Z,1.13768
2015-02-23T00:00:00Z,1.13792
2015-02-24T00:00:00Z,1.13327
2015-02-25T00:00:00Z,1.13382
2015-02-26T00:00:00Z,1.13627
2015-02-27T00:00:00Z,1.12013
2015-02-28T00:00:00Z,1.11893
2015-03-02T00:00:00Z,1.11598
2015-03-03T00:00:00Z,1.11754
2015-03-04T00:00:00Z,1.11814
2015-03-05T00:00:00Z,1.1078
2015-03-06T00:00:00Z,1.10306
2015-03-07T00:00:00Z,1.08376
2015-03-09T00:00:00Z,1.08434
2015-03-10T00:00:00Z,1.08336
2015-03-11T00:00:00Z,1.07055
2015-03-12T00:00:00Z,1.05466
2015-03-13T00:00:00Z,1.06253
2015-03-14T00:00:00Z,1.04878
2015-03-16T00:00:00Z,1.04829
2015-03-17T00:00:00Z,1.05706
2015-03-18T00:00:00Z,1.05941
2015-03-19T00:00:00Z,1.08475
2015-03-20T00:00:00Z,1.06677
2015-03-21T00:00:00Z,1.08137
2015-03-23T00:00:00Z,1.0824
2015-03-24T00:00:00Z,1.09429
2015-03-25T00:00:00Z,1.09035
2015-03-26T00:00:00Z,1.09619
2015-03-27T00:00:00Z,1.08837
2015-03-28T00:00:00Z,1.08848
2015-03-30T00:00:00Z,1.08817
2015-03-31T00:00:00Z,1.08279
2015-04-01T00:00:00Z,1.07388
2015-04-02T00:00:00Z,1.07685
2015-04-03T00:00:00Z,1.08686
2015-04-04T00:00:00Z,1.09677
2015-04-06T00:00:00Z,1.09934
2015-04-07T00:00:00Z,1.0933
2015-04-08T00:00:00Z,1.08209
2015-04-09T00:00:00Z,1.07835
2015-04-10T00:00:00Z,1.06654
2015-04-11T00:00:00Z,1.05981
2015-04-13T00:00:00Z,1.06052
2015-04-14T00:00:00Z,1.0571
2015-04-15T00:00:00Z,1.06455
2015-04-16T00:00:00Z,1.06751
2015-04-17T00:00:00Z,1.07567
2015-04-18T00:00:00Z,1.07989
2015-04-20T00:00:00Z,1.08077
2015-04-21T00:00:00Z,1.07473
2015-04-22T00:00:00Z,1.07372
2015-04-23T00:00:00Z,1.07232
2015-04-24T00:00:00Z,1.08127
2015-04-25T00:00:00Z,1.08657
2015-04-27T00:00:00Z,1.08644
2015-04-28T00:00:00Z,1.08754
2015-04-29T00:00:00Z,1.09665
2015-04-30T00:00:00Z,1.11108
2015-05-01T00:00:00Z,1.12103
2015-05-02T00:00:00Z,1.11928
2015-05-04T00:00:00Z,1.11872
2015-05-05T00:00:00Z,1.11476
2015-05-06T00:00:00Z,1.11785
2015-05-07T00:00:00Z,1.13379
2015-05-08T00:00:00Z,1.12432
2015-05-09T00:00:00Z,1.12081
2015-05-11T00:00:00Z,1.11946
2015-05-12T00:00:00Z,1.11443
2015-05-13T00:00:00Z,1.12175
2015-05-14T00:00:00Z,1.13461
2015-05-15T00:00:00Z,1.14009
2015-05-16T00:00:00Z,1.14427
2015-05-18T00:00:00Z,1.14429
2015-05-19T00:00:00Z,1.1323
2015-05-20T00:00:00Z,1.11413
2015-05-21T00:00:00Z,1.11001
2015-05-22T00:00:00Z,1.1108
2015-05-23T00:00:00Z,1.10081
2015-05-25T00:00:00Z,1.09899
2015-05-26T00:00:00Z,1.09673
2015-05-27T00:00:00Z,1.08854
2015-05-28T00:00:00Z,1.08964
2015-05-29T00:00:00Z,1.09618
2015-05-30T00:00:00Z,1.09901
2015-06-01T00:00:00Z,1.0956
2015-06-02T00:00:00Z,1.09205
2015-06-03T00:00:00Z,1.11469
2015-06-04T00:00:00Z,1.12598
2015-06-05T00:00:00Z,1.12063
2015-06-06T00:00:00Z,1.11073
2015-06-08T00:00:00Z,1.11013
2015-06-09T00:00:00Z,1.12789
2015-06-10T00:00:00Z,1.12914
2015-06-11T00:00:00Z,1.13088
2015-06-12T00:00:00Z,1.12447
2015-06-13T00:00:00Z,1.12611
2015-06-15T00:00:00Z,1.1223
2015-06-16T00:00:00Z,1.12741
2015-06-17T00:00:00Z,1.12404
2015-06-18T00:00:00Z,1.13618
2015-06-19T00:00:00Z,1.13702
2015-06-20T00:00:00Z,1.1345
2015-06-22T00:00:00Z,1.13602
2015-06-23T00:00:00Z,1.13442
2015-06-24T00:00:00Z,1.11733
2015-06-25T00:00:00Z,1.12044
2015-06-26T00:00:00Z,1.12017
2015-06-27T00:00:00Z,1.11573
2015-06-29T00:00:00Z,1.09734
2015-06-30T00:00:00Z,1.12174
2015-07-01T00:00:00Z,1.11313
2015-07-02T00:00:00Z,1.10357
2015-07-03T00:00:00Z,1.10845
2015-07-04T00:00:00Z,1.11083
2015-07-06T00:00:00Z,1.09935
2015-07-07T00:00:00Z,1.10461
2015-07-08T00:00:00Z,1.10063
2015-07-09T00:00:00Z,1.10698
2015-07-10T00:00:00Z,1.10594
2015-07-11T00:00:00Z,1.11539
2015-07-13T00:00:00Z,1.11282
2015-07-14T00:00:00Z,1.09817
2015-07-15T00:00:00Z,1.10055
2015-07-16T00:00:00Z,1.09366
2015-07-17T00:00:00Z,1.08824
2015-07-18T00:00:00Z,1.08272
2015-07-20T00:00:00Z,1.08289
2015-07-21T00:00:00Z,1.08323
2015-07-22T00:00:00Z,1.09353
2015-07-23T00:00:00Z,1.09231
2015-07-24T00:00:00Z,1.09859
2015-07-25T00:00:00Z,1.09759
2015-07-27T00:00:00Z,1.0971
2015-07-28T00:00:00Z,1.10874
2015-07-29T00:00:00Z,1.10636
2015-07-30T00:00:00Z,1.09801
2015-07-31T00:00:00Z,1.09392
2015-08-01T00:00:00Z,1.09806
2015-08-03T00:00:00Z,1.09665
2015-08-04T00:00:00Z,1.09498
2015-08-05T00:00:00Z,1.08839
2015-08-06T00:00:00Z,1.09019
2015-08-07T00:00:00Z,1.09212
2015-08-08T00:00:00Z,1.09622
2015-08-10T00:00:00Z,1.09571
2015-08-11T00:00:00Z,1.10144
2015-08-12T00:00:00Z,1.10406
2015-08-13T00:00:00Z,1.11538
2015-08-14T00:00:00Z,1.1157
2015-08-15T00:00:00Z,1.1107
2015-08-17T00:00:00Z,1.10928
2015-08-18T00:00:00Z,1.10744
2015-08-19T00:00:00Z,1.10287
2015-08-20T00:00:00Z,1.11171
2015-08-21T00:00:00Z,1.12339
2015-08-22T00:00:00Z,1.13803
2015-08-24T00:00:00Z,1.13751
2015-08-25T00:00:00Z,1.15793
2015-08-26T00:00:00Z,1.15523
2015-08-27T00:00:00Z,1.13377
2015-08-28T00:00:00Z,1.12419
2015-08-29T00:00:00Z,1.11789
2015-08-31T00:00:00Z,1.12104
2015-09-01T00:00:00Z,1.12229
2015-09-02T00:00:00Z,1.12943
2015-09-03T00:00:00Z,1.12109
2015-09-04T00:00:00Z,1.11229
2015-09-05T00:00:00Z,1.11439
2015-09-07T00:00:00Z,1.1153
2015-09-08T00:00:00Z,1.11583
2015-09-09T00:00:00Z,1.12053
2015-09-10T00:00:00Z,1.12182
2015-09-11T00:00:00Z,1.12826
2015-09-12T00:00:00Z,1.13356
2015-09-14T00:00:00Z,1.13421
2015-09-15T00:00:00Z,1.13081
2015-09-16T00:00:00Z,1.12701
2015-09-17T00:00:00Z,1.12907
2015-09-18T00:00:00Z,1.14023
2015-09-19T00:00:00Z,1.12947
2015-09-21T00:00:00Z,1.12907
2015-09-22T00:00:00Z,1.11881
2015-09-23T00:00:00Z,1.11203
2015-09-24T00:00:00Z,1.11875
2015-09-25T00:00:00Z,1.11798
2015-09-26T00:00:00Z,1.11911
2015-09-28T00:00:00Z,1.11992
2015-09-29T00:00:00Z,1.12292
2015-09-30T00:00:00Z,1.12531
2015-10-01T00:00:00Z,1.11704
2015-10-02T00:00:00Z,1.11919
2015-10-03T00:00:00Z,1.12059
2015-10-05T00:00:00Z,1.12192
2015-10-06T00:00:00Z,1.11951
2015-10-07T00:00:00Z,1.12672
2015-10-08T00:00:00Z,1.12377
2015-10-09T00:00:00Z,1.12842
2015-10-10T00:00:00Z,1.13525
2015-10-12T00:00:00Z,1.13675
2015-10-13T00:00:00Z,1.13519
2015-10-14T00:00:00Z,1.13834
2015-10-15T00:00:00Z,1.14737
2015-10-16T00:00:00Z,1.13663
2015-10-17T00:00:00Z,1.13476
2015-10-19T00:00:00Z,1.13579
2015-10-20T00:00:00Z,1.13285
2015-10-21T00:00:00Z,1.13544
2015-10-22T00:00:00Z,1.13458
2015-10-23T00:00:00Z,1.10817
2015-10-24T00:00:00Z,1.10114
2015-10-26T00:00:00Z,1.10186
2015-10-27T00:00:00Z,1.10589
2015-10-28T00:00:00Z,1.10326
2015-10-29T00:00:00Z,1.09237
2015-10-30T00:00:00Z,1.09889
2015-10-31T00:00:00Z,1.10009
2015-11-02T00:00:00Z,1.10226
2015-11-03T00:00:00Z,1.10145
2015-11-04T00:00:00Z,1.09618
2015-11-05T00:00:00Z,1.08636
2015-11-06T00:00:00Z,1.08834
2015-11-07T00:00:00Z,1.07366
2015-11-09T00:00:00Z,1.07293
2015-11-10T00:00:00Z,1.07599
2015-11-11T00:00:00Z,1.07366
2015-11-12T00:00:00Z,1.07633
2015-11-13T00:00:00Z,1.08083
2015-11-14T00:00:00Z,1.0763
2015-11-16T00:00:00Z,1.07002
2015-11-17T00:00:00Z,1.06872
2015-11-18T00:00:00Z,1.06431
2015-11-19T00:00:00Z,1.06713
2015-11-20T00:00:00Z,1.07258
2015-11-21T00:00:00Z,1.06429
2015-11-23T00:00:00Z,1.06374
2015-11-24T00:00:00Z,1.06364
2015-11-25T00:00:00Z,1.06428
2015-11-26T00:00:00Z,1.06229
2015-11-27T00:00:00Z,1.06063
2015-11-28T00:00:00Z,1.05893
2015-11-30T00:00:00Z,1.05829
2015-12-01T00:00:00Z,1.05697
2015-12-02T00:00:00Z,1.06262
2015-12-03T00:00:00Z,1.06104
2015-12-04T00:00:00Z,1.09175
2015-12-05T00:00:00Z,1.08753
2015-12-07T00:00:00Z,1.08812
2015-12-08T00:00:00Z,1.08334
2015-12-09T00:00:00Z,1.08924
2015-12-10T00:00:00Z,1.10147
2015-12-11T00:00:00Z,1.09466
2015-12-12T00:00:00Z,1.09846
2015-12-14T00:00:00Z,1.09804
2015-12-15T00:00:00Z,1.09912
2015-12-16T00:00:00Z,1.09338
2015-12-17T00:00:00Z,1.08732
2015-12-18T00:00:00Z,1.08426
2015-12-19T00:00:00Z,1.08654
2015-12-21T00:00:00Z,1.08695
2015-12-22T00:00:00Z,1.09109
2015-12-23T00:00:00Z,1.09486
2015-12-24T00:00:00Z,1.09079
2015-12-25T00:00:00Z,1.09517
2015-12-28T00:00:00Z,1.09639
2015-12-29T00:00:00Z,1.09744
2015-12-30T00:00:00Z,1.09255
2015-12-31T00:00:00Z,1.09349
2016-01-01T00:00:00Z,1.08632
2016-01-04T00:00:00Z,1.08517
2016-01-05T00:00:00Z,1.08238
2016-01-06T00:00:00Z,1.07503
2016-01-07T00:00:00Z,1.07766
2016-01-08T00:00:00Z,1.09258
2016-01-09T00:00:00Z,1.09192
2016-01-11T00:00:00Z,1.09373
2016-01-12T00:00:00Z,1.08563
2016-01-13T00:00:00Z,1.0843
2016-01-14T00:00:00Z,1.08855
2016-01-15T00:00:00Z,1.0857
2016-01-16T00:00:00Z,1.09077
2016-01-18T00:00:00Z,1.09184
2016-01-19T00:00:00Z,1.08927
2016-01-20T00:00:00Z,1.09104
2016-01-21T00:00:00Z,1.08743
2016-01-22T00:00:00Z,1.08581
2016-01-23T00:00:00Z,1.07924
2016-01-25T00:00:00Z,1.07971
2016-01-26T00:00:00Z,1.08524
2016-01-27T00:00:00Z,1.08617
2016-01-28T00:00:00Z,1.09021
2016-01-29T00:00:00Z,1.09353
2016-01-30T00:00:00Z,1.08292
2016-02-01T00:00:00Z,1.08253
2016-02-02T00:00:00Z,1.08959
2016-02-03T00:00:00Z,1.09184
2016-02-04T00:00:00Z,1.10929
2016-02-05T00:00:00Z,1.11994
2016-02-06T00:00:00Z,1.11523
2016-02-08T00:00:00Z,1.11436
2016-02-09T00:00:00Z,1.11891
2016-02-10T00:00:00Z,1.12881
2016-02-11T00:00:00Z,1.12838
2016-02-12T00:00:00Z,1.13161
2016-02-13T00:00:00Z,1.12489
2016-02-15T00:00:00Z,1.12234
2016-02-16T00:00:00Z,1.1176
2016-02-17T00:00:00Z,1.1143
2016-02-18T00:00:00Z,1.11204
2016-02-19T00:00:00Z,1.11075
2016-02-20T00:00:00Z,1.11263
2016-02-22T00:00:00Z,1.11221
2016-02-23T00:00:00Z,1.10251
2016-02-24T00:00:00Z,1.10232
2016-02-25T00:00:00Z,1.10141
2016-02-26T00:00:00Z,1.10231
2016-02-27T00:00:00Z,1.09249
2016-02-29T00:00:00Z,1.09244
2016-03-01T00:00:00Z,1.08855
2016-03-02T00:00:00Z,1.0876
2016-03-03T00:00:00Z,1.08696
2016-03-04T00:00:00Z,1.09451
2016-03-05T00:00:00Z,1.10017
2016-03-07T00:00:00Z,1.09913
2016-03-08T00:00:00Z,1.10125
2016-03-09T00:00:00Z,1.1
2016-03-10T00:00:00Z,1.09857
2016-03-11T00:00:00Z,1.11769
2016-03-12T00:00:00Z,1.11444
2016-03-14T00:00:00Z,1.11653
2016-03-15T00:00:00Z,1.11
2016-03-16T00:00:00Z,1.11071
2016-03-17T00:00:00Z,1.12161
2016-03-18T00:00:00Z,1.13152
2016-03-19T00:00:00Z,1.12668
2016-03-21T00:00:00Z,1.12747
2016-03-22T00:00:00Z,1.12349
2016-03-23T00:00:00Z,1.12211
2016-03-24T00:00:00Z,1.11779
2016-03-25T00:00:00Z,1.11644
2016-03-26T00:00:00Z,1.11596
2016-03-28T00:00:00Z,1.11572
2016-03-29T00:00:00Z,1.12007
2016-03-30T00:00:00Z,1.12893
2016-03-31T00:00:00Z,1.13327
2016-04-01T00:00:00Z,1.13785
2016-04-02T00:00:00Z,1.13904
2016-04-04T00:00:00Z,1.13947
2016-04-05T00:00:00Z,1.13864
2016-04-06T00:00:00Z,1.13803
2016-04-07T00:00:00Z,1.14001
2016-04-08T00:00:00Z,1.13671
2016-04-09T00:00:00Z,1.13929
2016-04-11T00:00:00Z,1.14047
2016-04-12T00:00:00Z,1.14102
2016-04-13T00:00:00Z,1.1383
2016-04-14T00:00:00Z,1.12779
2016-04-15T00:00:00Z,1.12648
2016-04-16T00:00:00Z,1.1275
2016-04-18T00:00:00Z,1.12975
2016-04-19T00:00:00Z,1.13076
2016-04-20T00:00:00Z,1.13584
2016-04-21T00:00:00Z,1.13023
2016-04-22T00:00:00Z,1.12903
2016-04-23T00:00:00Z,1.12186
2016-04-25T00:00:00Z,1.12314
2016-04-26T00:00:00Z,1.12664
2016-04-27T00:00:00Z,1.1296
2016-04-28T00:00:00Z,1.13263
2016-04-29T00:00:00Z,1.13572
2016-04-30T00:00:00Z,1.14453
2016-05-02T00:00:00Z,1.14609
2016-05-03T00:00:00Z,1.15235
2016-05-04T00:00:00Z,1.15009
2016-05-05T00:00:00Z,1.14908
2016-05-06T00:00:00Z,1.14
2016-05-07T00:00:00Z,1.14002
2016-05-09T00:00:00Z,1.13853
2016-05-10T00:00:00Z,1.13833
2016-05-11T00:00:00Z,1.13732
2016-05-12T00:00:00Z,1.14243
2016-05-13T00:00:00Z,1.13741
2016-05-14T00:00:00Z,1.13031
2016-05-16T00:00:00Z,1.13172
2016-05-17T00:00:00Z,1.13152
2016-05-18T00:00:00Z,1.13139
2016-05-19T00:00:00Z,1.12199
2016-05-20T00:00:00Z,1.12019
2016-05-21T00:00:00Z,1.12176
2016-05-23T00:00:00Z,1.12201
2016-05-24T00:00:00Z,1.12132
2016-05-25T00:00:00Z,1.11352
2016-05-26T00:00:00Z,1.11547
2016-05-27T00:00:00Z,1.11914
2016-05-28T00:00:00Z,1.11098
2016-05-30T00:00:00Z,1.11082
2016-05-31T00:00:00Z,1.11476
2016-06-01T00:00:00Z,1.11339
2016-06-02T00:00:00Z,1.11875
2016-06-03T00:00:00Z,1.11515
2016-06-04T00:00:00Z,1.13615
2016-06-06T00:00:00Z,1.13508
2016-06-07T00:00:00Z,1.13626
2016-06-08T00:00:00Z,1.13557
2016-06-09T00:00:00Z,1.14023
2016-06-10T00:00:00Z,1.13096
2016-06-11T00:00:00Z,1.12464
2016-06-13T00:00:00Z,1.12382
2016-06-14T00:00:00Z,1.12876
2016-06-15T00:00:00Z,1.12103
2016-06-16T00:00:00Z,1.12613
2016-06-17T00:00:00Z,1.12711
2016-06-18T00:00:00Z,1.12741
2016-06-20T00:00:00Z,1.13468
2016-06-21T00:00:00Z,1.13217
2016-06-22T00:00:00Z,1.12496
2016-06-23T00:00:00Z,1.13258
2016-06-24T00:00:00Z,1.13326
2016-06-25T00:00:00Z,1.10829
2016-06-27T00:00:00Z,1.10394
2016-06-28T00:00:00Z,1.10135
2016-06-29T00:00:00Z,1.10753
2016-06-30T00:00:00Z,1.11219
2016-07-01T00:00:00Z,1.11027
2016-07-02T00:00:00Z,1.11386
2016-07-04T00:00:00Z,1.11273
2016-07-05T00:00:00Z,1.11443
2016-07-06T00:00:00Z,1.10635
2016-07-07T00:00:00Z,1.10969
2016-07-08T00:00:00Z,1.10636
2016-07-09T00:00:00Z,1.10479
2016-07-11T00:00:00Z,1.10439
2016-07-12T00:00:00Z,1.10567
2016-07-13T00:00:00Z,1.10602
2016-07-14T00:00:00Z,1.10949
2016-07-15T00:00:00Z,1.11063
2016-07-16T00:00:00Z,1.10289
2016-07-18T00:00:00Z,1.10559
2016-07-19T00:00:00Z,1.1068
2016-07-20T00:00:00Z,1.10136
2016-07-21T00:00:00Z,1.10163
2016-07-22T00:00:00Z,1.10319
2016-07-23T00:00:00Z,1.09724
2016-07-25T00:00:00Z,1.09685
2016-07-26T00:00:00Z,1.09891
2016-07-27T00:00:00Z,1.09869
2016-07-28T00:00:00Z,1.10672
2016-07-29T00:00:00Z,1.10823
2016-07-30T00:00:00Z,1.11659
2016-08-01T00:00:00Z,1.1167
2016-08-02T00:00:00Z,1.1167
2016-08-03T00:00:00Z,1.12178
2016-08-04T00:00:00Z,1.11501
2016-08-05T00:00:00Z,1.11346
2016-08-06T00:00:00Z,1.10836
2016-08-08T00:00:00Z,1.10867
2016-08-09T00:00:00Z,1.1085
2016-08-10T00:00:00Z,1.11176
2016-08-11T00:00:00Z,1.11851
2016-08-12T00:00:00Z,1.11381
2016-08-13T00:00:00Z,1.11575
2016-08-15T00:00:00Z,1.11641
2016-08-16T00:00:00Z,1.11818
2016-08-17T00:00:00Z,1.1276
2016-08-18T00:00:00Z,1.1299
2016-08-19T00:00:00Z,1.13474
2016-08-20T00:00:00Z,1.13188
2016-08-22T00:00:00Z,1.12978
2016-08-23T00:00:00Z,1.13172
2016-08-24T00:00:00Z,1.13016
2016-08-25T00:00:00Z,1.12608
2016-08-26T00:00:00Z,1.12865
2016-08-27T00:00:00Z,1.11927
2016-08-29T00:00:00Z,1.11974
2016-08-30T00:00:00Z,1.11903
2016-08-31T00:00:00Z,1.115
2016-09-01T00:00:00Z,1.11566
2016-09-02T00:00:00Z,1.11985
2016-09-03T00:00:00Z,1.11519
2016-09-05T00:00:00Z,1.11582
2016-09-06T00:00:00Z,1.11503
2016-09-07T00:00:00Z,1.12457
2016-09-08T00:00:00Z,1.12383
2016-09-09T00:00:00Z,1.12683
2016-09-10T00:00:00Z,1.12302
2016-09-12T00:00:00Z,1.12404
2016-09-13T00:00:00Z,1.12406
2016-09-14T00:00:00Z,1.12191
2016-09-15T00:00:00Z,1.1245
2016-09-16T00:00:00Z,1.12466
2016-09-17T00:00:00Z,1.11499
2016-09-19T00:00:00Z,1.11577
2016-09-20T00:00:00Z,1.1177
2016-09-21T00:00:00Z,1.11531
2016-09-22T00:00:00Z,1.1189
2016-09-23T00:00:00Z,1.12082
2016-09-24T00:00:00Z,1.12224
2016-09-26T00:00:00Z,1.12375
2016-09-27T00:00:00Z,1.12501
2016-09-28T00:00:00Z,1.1217
2016-09-29T00:00:00Z,1.12234
2016-09-30T00:00:00Z,1.12187
2016-10-01T00:00:00Z,1.12339
2016-10-03T00:00:00Z,1.12329
2016-10-04T00:00:00Z,1.12093
2016-10-05T00:00:00Z,1.12091
2016-10-06T00:00:00Z,1.12059
2016-10-07T00:00:00Z,1.11416
2016-10-08T00:00:00Z,1.11964
2016-10-10T00:00:00Z,1.11946
2016-10-11T00:00:00Z,1.11404
2016-10-12T00:00:00Z,1.10571
2016-10-13T00:00:00Z,1.10104
2016-10-14T00:00:00Z,1.10479
2016-10-15T00:00:00Z,1.09709
2016-10-17T00:00:00Z,1.09655
2016-10-18T00:00:00Z,1.10107
2016-10-19T00:00:00Z,1.09746
2016-10-20T00:00:00Z,1.09745
2016-10-21T00:00:00Z,1.09292
2016-10-22T00:00:00Z,1.0882
2016-10-24T00:00:00Z,1.08799
2016-10-25T00:00:00Z,1.08728
2016-10-26T00:00:00Z,1.0886
2016-10-27T00:00:00Z,1.09096
2016-10-28T00:00:00Z,1.08971
2016-10-29T00:00:00Z,1.09814
2016-10-31T00:00:00Z,1.09823
2016-11-01T00:00:00Z,1.09707
2016-11-02T00:00:00Z,1.10554
2016-11-03T00:00:00Z,1.1094
2016-11-04T00:00:00Z,1.10996
2016-11-05T00:00:00Z,1.11387
2016-11-07T00:00:00Z,1.10949
2016-11-08T00:00:00Z,1.1049
2016-11-09T00:00:00Z,1.10176
2016-11-10T00:00:00Z,1.09196
2016-11-11T00:00:00Z,1.08873
2016-11-12T00:00:00Z,1.08538
2016-11-14T00:00:00Z,1.08223
2016-11-15T00:00:00Z,1.07455
2016-11-16T00:00:00Z,1.07243
2016-11-17T00:00:00Z,1.07061
2016-11-18T00:00:00Z,1.06221
2016-11-19T00:00:00Z,1.05838
2016-11-21T00:00:00Z,1.05826
2016-11-22T00:00:00Z,1.06376
2016-11-23T00:00:00Z,1.06329
2016-11-24T00:00:00Z,1.05419
2016-11-25T00:00:00Z,1.05599
2016-11-26T00:00:00Z,1.05907
2016-11-28T00:00:00Z,1.0609
2016-11-29T00:00:00Z,1.06189
2016-11-30T00:00:00Z,1.06472
2016-12-01T00:00:00Z,1.05905
2016-12-02T00:00:00Z,1.06623
2016-12-03T00:00:00Z,1.06581
2016-12-05T00:00:00Z,1.05673
2016-12-06T00:00:00Z,1.07564
2016-12-07T00:00:00Z,1.07186
2016-12-08T00:00:00Z,1.07592
2016-12-09T00:00:00Z,1.06209
2016-12-10T00:00:00Z,1.0554
2016-12-12T00:00:00Z,1.05457
2016-12-13T00:00:00Z,1.0642
2016-12-14T00:00:00Z,1.06275
2016-12-15T00:00:00Z,1.0512
2016-12-16T00:00:00Z,1.04167
2016-12-17T00:00:00Z,1.04515
2016-12-19T00:00:00Z,1.04467
2016-12-20T00:00:00Z,1.04027
2016-12-21T00:00:00Z,1.03906
2016-12-22T00:00:00Z,1.04262
2016-12-23T00:00:00Z,1.04377
2016-12-24T00:00:00Z,1.04489
2016-12-26T00:00:00Z,1.04512
2016-12-27T00:00:00Z,1.04536
2016-12-28T00:00:00Z,1.04613
2016-12-29T00:00:00Z,1.04141
2016-12-30T00:00:00Z,1.05652
2016-12-31T00:00:00Z,1.05174
2017-01-02T00:00:00Z,1.05224
2017-01-03T00:00:00Z,1.04572
2017-01-04T00:00:00Z,1.04174
2017-01-05T00:00:00Z,1.04968
2017-01-06T00:00:00Z,1.06039
2017-01-07T00:00:00Z,1.05319
2017-01-09T00:00:00Z,1.05294
2017-01-10T00:00:00Z,1.05858
2017-01-11T00:00:00Z,1.05523
2017-01-12T00:00:00Z,1.05944
2017-01-13T00:00:00Z,1.06162
2017-01-14T00:00:00Z,1.06399
2017-01-16T00:00:00Z,1.06274
2017-01-17T00:00:00Z,1.0602
2017-01-18T00:00:00Z,1.0697
2017-01-19T00:00:00Z,1.06281
2017-01-20T00:00:00Z,1.06592
2017-01-21T00:00:00Z,1.06984
2017-01-23T00:00:00Z,1.07124
2017-01-24T00:00:00Z,1.07591
2017-01-25T00:00:00Z,1.07282
2017-01-26T00:00:00Z,1.07526
2017-01-27T00:00:00Z,1.06832
2017-01-28T00:00:00Z,1.06904
2017-01-30T00:00:00Z,1.07169
2017-01-31T00:00:00Z,1.07076
2017-02-01T00:00:00Z,1.08011
2017-02-02T00:00:00Z,1.07649
2017-02-03T00:00:00Z,1.07617
2017-02-04T00:00:00Z,1.07849
2017-02-06T00:00:00Z,1.07824
2017-02-07T00:00:00Z,1.07432
2017-02-08T00:00:00Z,1.06786
2017-02-09T00:00:00Z,1.06914
2017-02-10T00:00:00Z,1.06572
2017-02-11T00:00:00Z,1.06353
2017-02-13T00:00:00Z,1.06189
2017-02-14T00:00:00Z,1.05988
2017-02-15T00:00:00Z,1.05784
2017-02-16T00:00:00Z,1.06031
2017-02-17T00:00:00Z,1.06711
2017-02-18T00:00:00Z,1.06081
2017-02-20T00:00:00Z,1.06252
2017-02-21T00:00:00Z,1.06087
2017-02-22T00:00:00Z,1.05412
2017-02-23T00:00:00Z,1.05504
2017-02-24T00:00:00Z,1.0584
2017-02-25T00:00:00Z,1.05597
2017-02-27T00:00:00Z,1.0552
2017-02-28T00:00:00Z,1.05838
2017-03-01T00:00:00Z,1.0569
2017-03-02T00:00:00Z,1.05362
2017-03-03T00:00:00Z,1.05068
2017-03-04T00:00:00Z,1.06211
2017-03-06T00:00:00Z,1.06207
2017-03-07T00:00:00Z,1.05789
2017-03-08T00:00:00Z,1.05694
2017-03-09T00:00:00Z,1.05447
2017-03-10T00:00:00Z,1.05792
2017-03-11T00:00:00Z,1.06735
2017-03-13T00:00:00Z,1.06901
2017-03-14T00:00:00Z,1.0651
2017-03-15T00:00:00Z,1.06121
2017-03-16T00:00:00Z,1.07376
2017-03-17T00:00:00Z,1.07719
2017-03-18T00:00:00Z,1.0738
2017-03-20T00:00:00Z,1.07422
2017-03-21T00:00:00Z,1.07369
2017-03-22T00:00:00Z,1.08123
2017-03-23T00:00:00Z,1.07892
2017-03-24T00:00:00Z,1.07833
2017-03-25T00:00:00Z,1.07962
2017-03-27T00:00:00Z,1.08454
2017-03-28T00:00:00Z,1.08608
2017-03-29T00:00:00Z,1.08164
2017-03-30T00:00:00Z,1.07583
2017-03-31T00:00:00Z,1.06877
2017-04-01T00:00:00Z,1.06562
2017-04-03T00:00:00Z,1.06692
2017-04-04T00:00:00Z,1.067
2017-04-05T00:00:00Z,1.0678
2017-04-06T00:00:00Z,1.06719
2017-04-07T00:00:00Z,1.0644
2017-04-08T00:00:00Z,1.05899
2017-04-10T00:00:00Z,1.05805
2017-04-11T00:00:00Z,1.05972
2017-04-12T00:00:00Z,1.06103
2017-04-13T00:00:00Z,1.067
2017-04-14T00:00:00Z,1.06147
2017-04-15T00:00:00Z,1.06024
2017-04-17T00:00:00Z,1.06097
2017-04-18T00:00:00Z,1.06434
2017-04-19T00:00:00Z,1.07274
2017-04-20T00:00:00Z,1.07149
2017-04-21T00:00:00Z,1.0714
2017-04-22T00:00:00Z,1.07247
2017-04-24T00:00:00Z,1.08734
2017-04-25T00:00:00Z,1.08649
2017-04-26T00:00:00Z,1.09276
2017-04-27T00:00:00Z,1.09083
2017-04-28T00:00:00Z,1.08652
2017-04-29T00:00:00Z,1.08979
2017-05-01T00:00:00Z,1.09058
2017-05-02T00:00:00Z,1.09086
2017-05-03T00:00:00Z,1.09347
2017-05-04T00:00:00Z,1.08885
2017-05-05T00:00:00Z,1.09807
2017-05-06T00:00:00Z,1.09982
2017-05-08T00:00:00Z,1.09647
2017-05-09T00:00:00Z,1.09266
2017-05-10T00:00:00Z,1.08862
2017-05-11T00:00:00Z,1.08673
2017-05-12T00:00:00Z,1.08643
2017-05-13T00:00:00Z,1.09314
2017-05-15T00:00:00Z,1.0928
2017-05-16T00:00:00Z,1.098
2017-05-17T00:00:00Z,1.10933
2017-05-18T00:00:00Z,1.11539
2017-05-19T00:00:00Z,1.11101
2017-05-20T00:00:00Z,1.12072
2017-05-22T00:00:00Z,1.12033
2017-05-23T00:00:00Z,1.12372
2017-05-24T00:00:00Z,1.11788
2017-05-25T00:00:00Z,1.12305
2017-05-26T00:00:00Z,1.12103
2017-05-27T00:00:00Z,1.11789
2017-05-29T00:00:00Z,1.11759
2017-05-30T00:00:00Z,1.11289
2017-05-31T00:00:00Z,1.11727
2017-06-01T00:00:00Z,1.12396
2017-06-02T00:00:00Z,1.12129
2017-06-03T00:00:00Z,1.12805
2017-06-05T00:00:00Z,1.12775
2017-06-06T00:00:00Z,1.12573
2017-06-07T00:00:00Z,1.12703
2017-06-08T00:00:00Z,1.12556
2017-06-09T00:00:00Z,1.11887
2017-06-10T00:00:00Z,1.11952
2017-06-12T00:00:00Z,1.12018
2017-06-13T00:00:00Z,1.11974
2017-06-14T00:00:00Z,1.12091
2017-06-15T00:00:00Z,1.12129
2017-06-16T00:00:00Z,1.11489
2017-06-17T00:00:00Z,1.11956
2017-06-19T00:00:00Z,1.12039
2017-06-20T00:00:00Z,1.11445
2017-06-21T00:00:00Z,1.11364
2017-06-22T00:00:00Z,1.11667
2017-06-23T00:00:00Z,1.11498
2017-06-24T00:00:00Z,1.11922
2017-06-26T00:00:00Z,1.11998
2017-06-27T00:00:00Z,1.11829
2017-06-28T00:00:00Z,1.13368
2017-06-29T00:00:00Z,1.13784
2017-06-30T00:00:00Z,1.14394
2017-07-01T00:00:00Z,1.14173
2017-07-03T00:00:00Z,1.14232
2017-07-04T00:00:00Z,1.13723
2017-07-05T00:00:00Z,1.13596
2017-07-06T00:00:00Z,1.13462
2017-07-07T00:00:00Z,1.14213
2017-07-08T00:00:00Z,1.14003
2017-07-10T00:00:00Z,1.14034
2017-07-11T00:00:00Z,1.13963
2017-07-12T00:00:00Z,1.14739
2017-07-13T00:00:00Z,1.14185
2017-07-14T00:00:00Z,1.14044
2017-07-15T00:00:00Z,1.14653
2017-07-17T00:00:00Z,1.14742
2017-07-18T00:00:00Z,1.14735
2017-07-19T00:00:00Z,1.15479
2017-07-20T00:00:00Z,1.15287
2017-07-21T00:00:00Z,1.16284
2017-07-22T00:00:00Z,1.16627
2017-07-24T00:00:00Z,1.16812
2017-07-25T00:00:00Z,1.16386
2017-07-26T00:00:00Z,1.16444
2017-07-27T00:00:00Z,1.17314
2017-07-28T00:00:00Z,1.16896
2017-07-29T00:00:00Z,1.1749
2017-07-31T00:00:00Z,1.17469
2017-08-01T00:00:00Z,1.18206
2017-08-02T00:00:00Z,1.18108
2017-08-03T00:00:00Z,1.18513
2017-08-04T00:00:00Z,1.18823
2017-08-05T00:00:00Z,1.17727
2017-08-07T00:00:00Z,1.1777
2017-08-08T00:00:00Z,1.17996
2017-08-09T00:00:00Z,1.17542
2017-08-10T00:00:00Z,1.17631
2017-08-11T00:00:00Z,1.17701
2017-08-12T00:00:00Z,1.1821
2017-08-14T00:00:00Z,1.18253
2017-08-15T00:00:00Z,1.17756
2017-08-16T00:00:00Z,1.17404
2017-08-17T00:00:00Z,1.17737
2017-08-18T00:00:00Z,1.17157
2017-08-19T00:00:00Z,1.17588
2017-08-21T00:00:00Z,1.17556
2017-08-22T00:00:00Z,1.18113
2017-08-23T00:00:00Z,1.17616
2017-08-24T00:00:00Z,1.18156
2017-08-25T00:00:00Z,1.17976
2017-08-26T00:00:00Z,1.192
2017-08-28T00:00:00Z,1.19511
2017-08-29T00:00:00Z,1.19641
2017-08-30T00:00:00Z,1.19698
2017-08-31T00:00:00Z,1.18906
2017-09-01T00:00:00Z,1.19092
2017-09-02T00:00:00Z,1.18613
2017-09-04T00:00:00Z,1.1882
2017-09-05T00:00:00Z,1.18929
2017-09-06T00:00:00Z,1.19237
2017-09-07T00:00:00Z,1.19265
2017-09-08T00:00:00Z,1.20278
2017-09-09T00:00:00Z,1.20334
2017-09-11T00:00:00Z,1.20172
2017-09-12T00:00:00Z,1.19578
2017-09-13T00:00:00Z,1.19712
2017-09-14T00:00:00Z,1.1888
2017-09-15T00:00:00Z,1.19213
2017-09-16T00:00:00Z,1.19405
2017-09-18T00:00:00Z,1.19377
2017-09-19T00:00:00Z,1.19599
2017-09-20T00:00:00Z,1.19926
2017-09-21T00:00:00Z,1.18744
2017-09-22T00:00:00Z,1.19443
2017-09-23T00:00:00Z,1.19474
2017-09-25T00:00:00Z,1.19268
2017-09-26T00:00:00Z,1.18556
2017-09-27T00:00:00Z,1.1784
2017-09-28T00:00:00Z,1.17498
2017-09-29T00:00:00Z,1.17813
2017-09-30T00:00:00Z,1.18121
2017-10-02T00:00:00Z,1.1808
2017-10-03T00:00:00Z,1.17317
2017-10-04T00:00:00Z,1.17478
2017-10-05T00:00:00Z,1.17566
2017-10-06T00:00:00Z,1.17141
2017-10-07T00:00:00Z,1.17345
2017-10-09T00:00:00Z,1.17424
2017-10-10T00:00:00Z,1.17412
2017-10-11T00:00:00Z,1.18135
2017-10-12T00:00:00Z,1.18642
2017-10-13T00:00:00Z,1.18312
2017-10-14T00:00:00Z,1.18176
2017-10-16T00:00:00Z,1.18146
2017-10-17T00:00:00Z,1.17947
2017-10-18T00:00:00Z,1.17712
2017-10-19T00:00:00Z,1.17944
2017-10-20T00:00:00Z,1.18485
2017-10-21T00:00:00Z,1.1777
2017-10-23T00:00:00Z,1.17548
2017-10-24T00:00:00Z,1.17549
2017-10-25T00:00:00Z,1.17601
2017-10-26T00:00:00Z,1.18195
2017-10-27T00:00:00Z,1.16379
2017-10-28T00:00:00Z,1.16055
2017-10-30T00:00:00Z,1.16057
2017-10-31T00:00:00Z,1.16513
2017-11-01T00:00:00Z,1.16519
2017-11-02T00:00:00Z,1.16285
2017-11-03T00:00:00Z,1.16587
2017-11-04T00:00:00Z,1.16073
2017-11-06T00:00:00Z,1.16149
2017-11-07T00:00:00Z,1.16113
2017-11-08T00:00:00Z,1.1601
2017-11-09T00:00:00Z,1.15952
2017-11-10T00:00:00Z,1.16464
2017-11-11T00:00:00Z,1.16627
2017-11-13T00:00:00Z,1.16607
2017-11-14T00:00:00Z,1.16646
2017-11-15T00:00:00Z,1.17907
2017-11-16T00:00:00Z,1.17827
2017-11-17T00:00:00Z,1.17782
2017-11-18T00:00:00Z,1.17874
2017-11-20T00:00:00Z,1.17345
2017-11-21T00:00:00Z,1.17372
2017-11-22T00:00:00Z,1.17416
2017-11-23T00:00:00Z,1.18145
2017-11-24T00:00:00Z,1.18503
2017-11-25T00:00:00Z,1.1929
2017-11-27T00:00:00Z,1.19275
2017-11-28T00:00:00Z,1.19041
2017-11-29T00:00:00Z,1.1849
2017-11-30T00:00:00Z,1.1852
2017-12-01T00:00:00Z,1.18981
2017-12-02T00:00:00Z,1.18947
2017-12-04T00:00:00Z,1.18566
2017-12-05T00:00:00Z,1.1868
2017-12-06T00:00:00Z,1.18306
2017-12-07T00:00:00Z,1.1804
2017-12-08T00:00:00Z,1.17727
2017-12-09T00:00:00Z,1.17694
2017-12-11T00:00:00Z,1.17676
2017-12-12T00:00:00Z,1.17761
2017-12-13T00:00:00Z,1.17422
2017-12-14T00:00:00Z,1.18362
2017-12-15T00:00:00Z,1.17745
2017-12-16T00:00:00Z,1.17465
2017-12-18T00:00:00Z,1.17434
2017-12-19T00:00:00Z,1.1784
2017-12-20T00:00:00Z,1.18371
2017-12-21T00:00:00Z,1.18775
2017-12-22T00:00:00Z,1.18519
2017-12-23T00:00:00Z,1.18589
2017-12-27T00:00:00Z,1.18573
2017-12-28T00:00:00Z,1.19002
2017-12-29T00:00:00Z,1.19392
2017-12-30T00:00:00Z,1.20049
2018-01-02T00:00:00Z,1.20108
2018-01-03T00:00:00Z,1.20614
2018-01-04T00:00:00Z,1.20108
2018-01-05T00:00:00Z,1.20666
2018-01-06T00:00:00Z,1.20274
2018-01-08T00:00:00Z,1.20372
2018-01-09T00:00:00Z,1.197
2018-01-10T00:00:00Z,1.19284
2018-01-11T00:00:00Z,1.19558
2018-01-12T00:00:00Z,1.20428
2018-01-13T00:00:00Z,1.22034
2018-01-15T00:00:00Z,1.2192
2018-01-16T00:00:00Z,1.22667
2018-01-17T00:00:00Z,1.22706
2018-01-18T00:00:00Z,1.21803
2018-01-19T00:00:00Z,1.22345
2018-01-20T00:00:00Z,1.22144
2018-01-22T00:00:00Z,1.2256
2018-01-23T00:00:00Z,1.22563
2018-01-24T00:00:00Z,1.23089
2018-01-25T00:00:00Z,1.23927
2018-01-26T00:00:00Z,1.23915
2018-01-27T00:00:00Z,1.24283
2018-01-29T00:00:00Z,1.24312
2018-01-30T00:00:00Z,1.23809
2018-01-31T00:00:00Z,1.24084
2018-02-01T00:00:00Z,1.24169
2018-02-02T00:00:00Z,1.25106
2018-02-03T00:00:00Z,1.24554
2018-02-05T00:00:00Z,1.24463
2018-02-06T00:00:00Z,1.23664
2018-02-07T00:00:00Z,1.23804
2018-02-08T00:00:00Z,1.22699
2018-02-09T00:00:00Z,1.22608
2018-02-10T00:00:00Z,1.22495
2018-02-12T00:00:00Z,1.22523
2018-02-13T00:00:00Z,1.23009
2018-02-14T00:00:00Z,1.23537
2018-02-15T00:00:00Z,1.24684
2018-02-16T00:00:00Z,1.25029
2018-02-17T00:00:00Z,1.24092
2018-02-19T00:00:00Z,1.24118
2018-02-20T00:00:00Z,1.24003
2018-02-21T00:00:00Z,1.23354
2018-02-22T00:00:00Z,1.22805
2018-02-23T00:00:00Z,1.23257
2018-02-24T00:00:00Z,1.22933
2018-02-26T00:00:00Z,1.22884
2018-02-27T00:00:00Z,1.23152
2018-02-28T00:00:00Z,1.22261
2018-03-01T00:00:00Z,1.21916
2018-03-02T00:00:00Z,1.22712
2018-03-03T00:00:00Z,1.2316
2018-03-05T00:00:00Z,1.23181
2018-03-06T00:00:00Z,1.23367
2018-03-07T00:00:00Z,1.24156
2018-03-08T00:00:00Z,1.24123
2018-03-09T00:00:00Z,1.23069
2018-03-10T00:00:00Z,1.23034
2018-03-12T00:00:00Z,1.23084
2018-03-13T00:00:00Z,1.23384
2018-03-14T00:00:00Z,1.2393
2018-03-15T00:00:00Z,1.23748
2018-03-16T00:00:00Z,1.23067
2018-03-17T00:00:00Z,1.22864
2018-03-19T00:00:00Z,1.22808
2018-03-20T00:00:00Z,1.23367
2018-03-21T00:00:00Z,1.22483
2018-03-22T00:00:00Z,1.23465
2018-03-23T00:00:00Z,1.23241
2018-03-24T00:00:00Z,1.2353
2018-03-26T00:00:00Z,1.23542
2018-03-27T00:00:00Z,1.24572
2018-03-28T00:00:00Z,1.24088
2018-03-29T00:00:00Z,1.23125
2018-03-30T00:00:00Z,1.23021
2018-03-31T00:00:00Z,1.23209
2018-04-02T00:00:00Z,1.23127
2018-04-03T00:00:00Z,1.22931
2018-04-04T00:00:00Z,1.22782
2018-04-05T00:00:00Z,1.22873
2018-04-06T00:00:00Z,1.22486
2018-04-07T00:00:00Z,1.22791
2018-04-09T00:00:00Z,1.22713
2018-04-10T00:00:00Z,1.23205
2018-04-11T00:00:00Z,1.23628
2018-04-12T00:00:00Z,1.23718
2018-04-13T00:00:00Z,1.23292
2018-04-14T00:00:00Z,1.23292
2018-04-16T00:00:00Z,1.23316
2018-04-17T00:00:00Z,1.2384
2018-04-18T00:00:00Z,1.23725
2018-04-19T00:00:00Z,1.23787
2018-04-20T00:00:00Z,1.23436
2018-04-21T00:00:00Z,1.22855
2018-04-23T00:00:00Z,1.22739
2018-04-24T00:00:00Z,1.22093
2018-04-25T00:00:00Z,1.22374
2018-04-26T00:00:00Z,1.21706
2018-04-27T00:00:00Z,1.21082
2018-04-28T00:00:00Z,1.21263
2018-04-30T00:00:00Z,1.21227
2018-05-01T00:00:00Z,1.20816
2018-05-02T00:00:00Z,1.19912
2018-05-03T00:00:00Z,1.19506
2018-05-04T00:00:00Z,1.19888
2018-05-05T00:00:00Z,1.19596
2018-05-07T00:00:00Z,1.19546
2018-05-08T00:00:00Z,1.19332
2018-05-09T00:00:00Z,1.18673
2018-05-10T00:00:00Z,1.1847
2018-05-11T00:00:00Z,1.19138
2018-05-12T00:00:00Z,1.19383
2018-05-14T00:00:00Z,1.19526
2018-05-15T00:00:00Z,1.19311
2018-05-16T00:00:00Z,1.18204
2018-05-17T00:00:00Z,1.18147
2018-05-18T00:00:00Z,1.17902
2018-05-19T00:00:00Z,1.17685
2018-05-21T00:00:00Z,1.17653
2018-05-22T00:00:00Z,1.179
2018-05-23T00:00:00Z,1.17881
2018-05-24T00:00:00Z,1.17092
2018-05-25T00:00:00Z,1.17221
2018-05-26T00:00:00Z,1.16482
2018-05-28T00:00:00Z,1.16884
2018-05-29T00:00:00Z,1.16263
2018-05-30T00:00:00Z,1.15375
2018-05-31T00:00:00Z,1.16647
2018-06-01T00:00:00Z,1.16922
2018-06-02T00:00:00Z,1.16572
2018-06-04T00:00:00Z,1.16675
2018-06-05T00:00:00Z,1.17002
2018-06-06T00:00:00Z,1.17263
2018-06-07T00:00:00Z,1.17814
2018-06-08T00:00:00Z,1.17932
2018-06-09T00:00:00Z,1.17667
2018-06-11T00:00:00Z,1.17845
2018-06-12T00:00:00Z,1.17726
2018-06-13T00:00:00Z,1.17477
2018-06-14T00:00:00Z,1.18033
2018-06-15T00:00:00Z,1.1563
2018-06-16T00:00:00Z,1.16062
2018-06-18T00:00:00Z,1.15931
2018-06-19T00:00:00Z,1.16301
2018-06-20T00:00:00Z,1.15882
2018-06-21T00:00:00Z,1.15776
2018-06-22T00:00:00Z,1.16043
2018-06-23T00:00:00Z,1.16553
2018-06-25T00:00:00Z,1.16603
2018-06-26T00:00:00Z,1.17009
2018-06-27T00:00:00Z,1.16494
2018-06-28T00:00:00Z,1.15628
2018-06-29T00:00:00Z,1.15634
2018-06-30T00:00:00Z,1.16817
2018-07-02T00:00:00Z,1.16788
2018-07-03T00:00:00Z,1.16416
2018-07-04T00:00:00Z,1.16592
2018-07-05T00:00:00Z,1.16603
2018-07-06T00:00:00Z,1.1692
2018-07-07T00:00:00Z,1.17423
2018-07-09T00:00:00Z,1.17517
2018-07-10T00:00:00Z,1.1756
2018-07-11T00:00:00Z,1.1728
2018-07-12T00:00:00Z,1.16751
2018-07-13T00:00:00Z,1.16639
2018-07-14T00:00:00Z,1.16842
2018-07-16T00:00:00Z,1.16784
2018-07-17T00:00:00Z,1.17093
2018-07-18T00:00:00Z,1.16532
2018-07-19T00:00:00Z,1.16449
2018-07-20T00:00:00Z,1.16548
2018-07-21T00:00:00Z,1.17188
2018-07-23T00:00:00Z,1.17406
2018-07-24T00:00:00Z,1.16935
2018-07-25T00:00:00Z,1.16848
2018-07-26T00:00:00Z,1.17379
2018-07-27T00:00:00Z,1.16439
2018-07-28T00:00:00Z,1.16535
2018-07-30T00:00:00Z,1.16593
2018-07-31T00:00:00Z,1.17074
2018-08-01T00:00:00Z,1.16892
2018-08-02T00:00:00Z,1.16633
2018-08-03T00:00:00Z,1.15852
2018-08-04T00:00:00Z,1.15657
2018-08-06T00:00:00Z,1.15615
2018-08-07T00:00:00Z,1.15581
2018-08-08T00:00:00Z,1.1603
2018-08-09T00:00:00Z,1.16093
2018-08-10T00:00:00Z,1.15242
2018-08-11T00:00:00Z,1.14117
2018-08-13T00:00:00Z,1.1395
2018-08-14T00:00:00Z,1.14006
2018-08-15T00:00:00Z,1.13468
2018-08-16T00:00:00Z,1.13418
2018-08-17T00:00:00Z,1.13719
2018-08-18T00:00:00Z,1.14362
2018-08-20T00:00:00Z,1.14378
2018-08-21T00:00:00Z,1.14918
2018-08-22T00:00:00Z,1.1576
2018-08-23T00:00:00Z,1.15857
2018-08-24T00:00:00Z,1.15419
2018-08-25T00:00:00Z,1.16194
2018-08-27T00:00:00Z,1.16451
2018-08-28T00:00:00Z,1.16841
2018-08-29T00:00:00Z,1.16934
2018-08-30T00:00:00Z,1.17093
2018-08-31T00:00:00Z,1.16656
2018-09-01T00:00:00Z,1.16007
2018-09-03T00:00:00Z,1.15981
2018-09-04T00:00:00Z,1.16139
2018-09-05T00:00:00Z,1.1587
2018-09-06T00:00:00Z,1.16346
2018-09-07T00:00:00Z,1.16199
2018-09-08T00:00:00Z,1.15515
2018-09-10T00:00:00Z,1.15607
2018-09-11T00:00:00Z,1.15938
2018-09-12T00:00:00Z,1.15955
2018-09-13T00:00:00Z,1.16254
2018-09-14T00:00:00Z,1.16912
2018-09-15T00:00:00Z,1.16212
2018-09-17T00:00:00Z,1.16235
2018-09-18T00:00:00Z,1.16687
2018-09-19T00:00:00Z,1.16777
2018-09-20T00:00:00Z,1.1674
2018-09-21T00:00:00Z,1.17755
2018-09-22T00:00:00Z,1.17466
2018-09-24T00:00:00Z,1.17484
2018-09-25T00:00:00Z,1.17523
2018-09-26T00:00:00Z,1.17629
2018-09-27T00:00:00Z,1.1747
2018-09-28T00:00:00Z,1.1636
2018-09-29T00:00:00Z,1.16027
2018-10-01T00:00:00Z,1.16053
2018-10-02T00:00:00Z,1.1577
2018-10-03T00:00:00Z,1.15504
2018-10-04T00:00:00Z,1.14764
2018-10-05T00:00:00Z,1.15173
2018-10-06T00:00:00Z,1.15193
2018-10-08T00:00:00Z,1.15239
2018-10-09T00:00:00Z,1.14941
2018-10-10T00:00:00Z,1.15048
2018-10-11T00:00:00Z,1.15332
2018-10-12T00:00:00Z,1.15901
2018-10-13T00:00:00Z,1.15573
2018-10-15T00:00:00Z,1.15505
2018-10-16T00:00:00Z,1.1583
2018-10-17T00:00:00Z,1.15763
2018-10-18T00:00:00Z,1.15012
2018-10-19T00:00:00Z,1.14539
2018-10-20T00:00:00Z,1.1513
2018-10-22T00:00:00Z,1.15105
2018-10-23T00:00:00Z,1.14646
2018-10-24T00:00:00Z,1.14709
2018-10-25T00:00:00Z,1.13988
2018-10-26T00:00:00Z,1.13753
2018-10-27T00:00:00Z,1.14032
2018-10-29T00:00:00Z,1.1398
2018-10-30T00:00:00Z,1.13757
2018-10-31T00:00:00Z,1.13454
2018-11-01T00:00:00Z,1.13147
2018-11-02T00:00:00Z,1.14029
2018-11-03T00:00:00Z,1.1387
2018-11-05T00:00:00Z,1.13976
2018-11-06T00:00:00Z,1.14084
2018-11-07T00:00:00Z,1.14412
2018-11-08T00:00:00Z,1.14327
2018-11-09T00:00:00Z,1.13678
2018-11-10T00:00:00Z,1.13351
2018-11-12T00:00:00Z,1.1324
2018-11-13T00:00:00Z,1.12235
2018-11-14T00:00:00Z,1.1311
2018-11-15T00:00:00Z,1.1312
2018-11-16T00:00:00Z,1.13245
2018-11-17T00:00:00Z,1.14161
2018-11-19T00:00:00Z,1.14136
2018-11-20T00:00:00Z,1.1454
2018-11-21T00:00:00Z,1.13718
2018-11-22T00:00:00Z,1.13885
2018-11-23T00:00:00Z,1.14027
2018-11-24T00:00:00Z,1.13355
2018-11-26T00:00:00Z,1.13375
2018-11-27T00:00:00Z,1.13331
2018-11-28T00:00:00Z,1.12972
2018-11-29T00:00:00Z,1.13676
2018-11-30T00:00:00Z,1.13926
2018-12-01T00:00:00Z,1.13181
2018-12-03T00:00:00Z,1.13421
2018-12-04T00:00:00Z,1.13542
2018-12-05T00:00:00Z,1.13424
2018-12-06T00:00:00Z,1.13488
2018-12-07T00:00:00Z,1.13759
2018-12-08T00:00:00Z,1.1393
2018-12-10T00:00:00Z,1.13997
2018-12-11T00:00:00Z,1.13557
2018-12-12T00:00:00Z,1.13217
2018-12-13T00:00:00Z,1.13726
2018-12-14T00:00:00Z,1.13629
2018-12-15T00:00:00Z,1.13032
2018-12-17T00:00:00Z,1.1305
2018-12-18T00:00:00Z,1.13494
2018-12-19T00:00:00Z,1.13757
2018-12-20T00:00:00Z,1.13865
2018-12-21T00:00:00Z,1.14565
2018-12-22T00:00:00Z,1.13692
2018-12-24T00:00:00Z,1.13722
2018-12-25T00:00:00Z,1.13996
2018-12-27T00:00:00Z,1.13602
2018-12-28T00:00:00Z,1.14305
2018-12-29T00:00:00Z,1.14403
2018-12-31T00:00:00Z,1.14391
2019-01-01T00:00:00Z,1.14449
2019-01-03T00:00:00Z,1.13123
2019-01-04T00:00:00Z,1.139
2019-01-05T00:00:00Z,1.13967
2019-01-07T00:00:00Z,1.14103
2019-01-08T00:00:00Z,1.1479
2019-01-09T00:00:00Z,1.14574
2019-01-10T00:00:00Z,1.15543
2019-01-11T00:00:00Z,1.15082
2019-01-12T00:00:00Z,1.14683
2019-01-14T00:00:00Z,1.14602
2019-01-15T00:00:00Z,1.14726
2019-01-16T00:00:00Z,1.14142
2019-01-17T00:00:00Z,1.13999
2019-01-18T00:00:00Z,1.13922
2019-01-19T00:00:00Z,1.13617
2019-01-21T00:00:00Z,1.13654
2019-01-22T00:00:00Z,1.13688
2019-01-23T00:00:00Z,1.13632
2019-01-24T00:00:00Z,1.13861
2019-01-25T00:00:00Z,1.13127
2019-01-26T00:00:00Z,1.14058
2019-01-28T00:00:00Z,1.14128
2019-01-29T00:00:00Z,1.14295
2019-01-30T00:00:00Z,1.1435
2019-01-31T00:00:00Z,1.14852
2019-02-01T00:00:00Z,1.14482
2019-02-02T00:00:00Z,1.1454
2019-02-04T00:00:00Z,1.14545
2019-02-05T00:00:00Z,1.14352
2019-02-06T00:00:00Z,1.14087
2019-02-07T00:00:00Z,1.13657
2019-02-08T00:00:00Z,1.13381
2019-02-09T00:00:00Z,1.13203
2019-02-11T00:00:00Z,1.13238
2019-02-12T00:00:00Z,1.12786
2019-02-13T00:00:00Z,1.13337
2019-02-14T00:00:00Z,1.12646
2019-02-15T00:00:00Z,1.12948
2019-02-16T00:00:00Z,1.12906
2019-02-18T00:00:00Z,1.12949
2019-02-19T00:00:00Z,1.13116
2019-02-20T00:00:00Z,1.13399
2019-02-21T00:00:00Z,1.13463
2019-02-22T00:00:00Z,1.13398
2019-02-23T00:00:00Z,1.13307
2019-02-25T00:00:00Z,1.13422
2019-02-26T00:00:00Z,1.13648
2019-02-27T00:00:00Z,1.13931
2019-02-28T00:00:00Z,1.13796
2019-03-01T00:00:00Z,1.13731
2019-03-02T00:00:00Z,1.13633
2019-03-04T00:00:00Z,1.1375
2019-03-05T00:00:00Z,1.13364
2019-03-06T00:00:00Z,1.13059
2019-03-07T00:00:00Z,1.1313
2019-03-08T00:00:00Z,1.11982
2019-03-09T00:00:00Z,1.12316
2019-03-11T00:00:00Z,1.12317
2019-03-12T00:00:00Z,1.12593
2019-03-13T00:00:00Z,1.12865
2019-03-14T00:00:00Z,1.13304
2019-03-15T00:00:00Z,1.13066
2019-03-16T00:00:00Z,1.13241
2019-03-18T00:00:00Z,1.13193
2019-03-19T00:00:00Z,1.13359
2019-03-20T00:00:00Z,1.13543
2019-03-21T00:00:00Z,1.14284
2019-03-22T00:00:00Z,1.13738
2019-03-23T00:00:00Z,1.12999
2019-03-25T00:00:00Z,1.12958
2019-03-26T00:00:00Z,1.13153
2019-03-27T00:00:00Z,1.1274
2019-03-28T00:00:00Z,1.12522
2019-03-29T00:00:00Z,1.12298
2019-03-30T00:00:00Z,1.12172
2019-04-01T00:00:00Z,1.12232
2019-04-02T00:00:00Z,1.1205
2019-04-03T00:00:00Z,1.12032
2019-04-04T00:00:00Z,1.12447
2019-04-05T00:00:00Z,1.12223
2019-04-06T00:00:00Z,1.12146
2019-04-08T00:00:00Z,1.12182
2019-04-09T00:00:00Z,1.12558
2019-04-10T00:00:00Z,1.12656
2019-04-11T00:00:00Z,1.12759
2019-04-12T00:00:00Z,1.12602
2019-04-13T00:00:00Z,1.12986
2019-04-15T00:00:00Z,1.1303
2019-04-16T00:00:00Z,1.13044
2019-04-17T00:00:00Z,1.12846
2019-04-18T00:00:00Z,1.12965
2019-04-19T00:00:00Z,1.1235
2019-04-20T00:00:00Z,1.124
2019-04-22T00:00:00Z,1.12442
2019-04-23T00:00:00Z,1.12584
2019-04-24T00:00:00Z,1.12238
2019-04-25T00:00:00Z,1.11534
2019-04-26T00:00:00Z,1.11355
2019-04-27T00:00:00Z,1.11393
2019-04-29T00:00:00Z,1.11493
2019-04-30T00:00:00Z,1.1185
2019-05-01T00:00:00Z,1.12157
2019-05-02T00:00:00Z,1.12024
2019-05-03T00:00:00Z,1.1173
2019-05-04T00:00:00Z,1.12008
2019-05-06T00:00:00Z,1.11847
2019-05-07T00:00:00Z,1.12013
2019-05-08T00:00:00Z,1.11896
2019-05-09T00:00:00Z,1.11978
2019-05-10T00:00:00Z,1.12184
2019-05-11T00:00:00Z,1.12321
2019-05-13T00:00:00Z,1.12358
2019-05-14T00:00:00Z,1.12321
2019-05-15T00:00:00Z,1.12032
2019-05-16T00:00:00Z,1.12073
2019-05-17T00:00:00Z,1.11732
2019-05-18T00:00:00Z,1.11568
2019-05-20T00:00:00Z,1.11647
2019-05-21T00:00:00Z,1.11673
2019-05-22T00:00:00Z,1.11644
2019-05-23T00:00:00Z,1.11553
2019-05-24T00:00:00Z,1.11843
2019-05-25T00:00:00Z,1.12039
2019-05-27T00:00:00Z,1.12069
2019-05-28T00:00:00Z,1.11935
2019-05-29T00:00:00Z,1.11682
2019-05-30T00:00:00Z,1.11367
2019-05-31T00:00:00Z,1.11297
2019-06-01T00:00:00Z,1.11686
2019-06-03T00:00:00Z,1.11737
2019-06-04T00:00:00Z,1.12457
2019-06-05T00:00:00Z,1.12537
2019-06-06T00:00:00Z,1.12286
2019-06-07T00:00:00Z,1.12756
2019-06-08T00:00:00Z,1.13316
2019-06-10T00:00:00Z,1.13193
2019-06-11T00:00:00Z,1.1318
2019-06-12T00:00:00Z,1.13295
2019-06-13T00:00:00Z,1.12926
2019-06-14T00:00:00Z,1.12795
2019-06-15T00:00:00Z,1.12069
2019-06-17T00:00:00Z,1.12156
2019-06-18T00:00:00Z,1.12243
2019-06-19T00:00:00Z,1.11979
2019-06-20T00:00:00Z,1.12358
2019-06-21T00:00:00Z,1.12948
2019-06-22T00:00:00Z,1.13689
2019-06-24T00:00:00Z,1.13851
2019-06-25T00:00:00Z,1.13993
2019-06-26T00:00:00Z,1.13682
2019-06-27T00:00:00Z,1.13735
2019-06-28T00:00:00Z,1.13712
2019-06-29T00:00:00Z,1.13693
2019-07-01T00:00:00Z,1.13601
2019-07-02T00:00:00Z,1.12869
2019-07-03T00:00:00Z,1.12905
2019-07-04T00:00:00Z,1.12874
2019-07-05T00:00:00Z,1.12853
2019-07-06T00:00:00Z,1.12242
2019-07-08T00:00:00Z,1.12268
2019-07-09T00:00:00Z,1.12151
2019-07-10T00:00:00Z,1.12044
2019-07-11T00:00:00Z,1.12583
2019-07-12T00:00:00Z,1.12497
2019-07-13T00:00:00Z,1.12698
2019-07-15T00:00:00Z,1.1271
2019-07-16T00:00:00Z,1.126
2019-07-17T00:00:00Z,1.12117
2019-07-18T00:00:00Z,1.12273
2019-07-19T00:00:00Z,1.12611
2019-07-20T00:00:00Z,1.122
2019-07-22T00:00:00Z,1.12177
2019-07-23T00:00:00Z,1.12043
2019-07-24T00:00:00Z,1.11508
2019-07-25T00:00:00Z,1.11421
2019-07-26T00:00:00Z,1.11449
2019-07-27T00:00:00Z,1.11244
2019-07-29T00:00:00Z,1.11298
2019-07-30T00:00:00Z,1.11423
2019-07-31T00:00:00Z,1.1157
2019-08-01T00:00:00Z,1.10716
2019-08-02T00:00:00Z,1.1079
2019-08-03T00:00:00Z,1.1106
2019-08-05T00:00:00Z,1.11078
2019-08-06T00:00:00Z,1.12419
2019-08-07T00:00:00Z,1.12054
2019-08-08T00:00:00Z,1.1204
2019-08-09T00:00:00Z,1.11861
2019-08-10T00:00:00Z,1.11977
2019-08-12T00:00:00Z,1.12074
2019-08-13T00:00:00Z,1.12161
2019-08-14T00:00:00Z,1.11765
2019-08-15T00:00:00Z,1.1143
2019-08-16T00:00:00Z,1.11105
2019-08-17T00:00:00Z,1.10894
2019-08-19T00:00:00Z,1.10921
2019-08-20T00:00:00Z,1.10816
2019-08-21T00:00:00Z,1.10971
2019-08-22T00:00:00Z,1.10903
2019-08-23T00:00:00Z,1.10836
2019-08-24T00:00:00Z,1.11371
2019-08-26T00:00:00Z,1.11434
2019-08-27T00:00:00Z,1.11015
2019-08-28T00:00:00Z,1.10894
2019-08-29T00:00:00Z,1.10856
2019-08-30T00:00:00Z,1.10591
2019-08-31T00:00:00Z,1.09875
2019-09-02T00:00:00Z,1.09903
2019-09-03T00:00:00Z,1.09642
2019-09-04T00:00:00Z,1.09727
2019-09-05T00:00:00Z,1.10347
2019-09-06T00:00:00Z,1.10341
2019-09-07T00:00:00Z,1.10249
2019-09-09T00:00:00Z,1.10203
2019-09-10T00:00:00Z,1.10469
2019-09-11T00:00:00Z,1.10501
2019-09-12T00:00:00Z,1.10135
2019-09-13T00:00:00Z,1.10562
2019-09-14T00:00:00Z,1.10719
2019-09-16T00:00:00Z,1.10831
2019-09-17T00:00:00Z,1.10032
2019-09-18T00:00:00Z,1.10739
2019-09-19T00:00:00Z,1.10293
2019-09-20T00:00:00Z,1.10447
2019-09-21T00:00:00Z,1.10171
2019-09-23T00:00:00Z,1.10186
2019-09-24T00:00:00Z,1.0994
2019-09-25T00:00:00Z,1.10136
2019-09-26T00:00:00Z,1.09512
2019-09-27T00:00:00Z,1.09223
2019-09-28T00:00:00Z,1.09404
2019-09-30T00:00:00Z,1.09423
2019-10-01T00:00:00Z,1.08993
2019-10-02T00:00:00Z,1.0934
2019-10-03T00:00:00Z,1.09604
2019-10-04T00:00:00Z,1.09745
2019-10-05T00:00:00Z,1.09765
2019-10-07T00:00:00Z,1.09835
2019-10-08T00:00:00Z,1.09715
2019-10-09T00:00:00Z,1.09598
2019-10-10T00:00:00Z,1.09842
2019-10-11T00:00:00Z,1.10108
2019-10-12T00:00:00Z,1.10353
2019-10-14T00:00:00Z,1.1028
2019-10-15T00:00:00Z,1.10258
2019-10-16T00:00:00Z,1.10344
2019-10-17T00:00:00Z,1.10742
2019-10-18T00:00:00Z,1.11246
2019-10-19T00:00:00Z,1.11697
2019-10-21T00:00:00Z,1.11559
2019-10-22T00:00:00Z,1.11517
2019-10-23T00:00:00Z,1.1129
2019-10-24T00:00:00Z,1.11321
2019-10-25T00:00:00Z,1.11035
2019-10-26T00:00:00Z,1.1079
2019-10-28T00:00:00Z,1.10839
2019-10-29T00:00:00Z,1.10983
2019-10-30T00:00:00Z,1.11121
2019-10-31T00:00:00Z,1.11522
2019-11-01T00:00:00Z,1.1156
2019-11-02T00:00:00Z,1.11646
2019-11-04T00:00:00Z,1.11662
2019-11-05T00:00:00Z,1.1128
2019-11-06T00:00:00Z,1.10739
2019-11-07T00:00:00Z,1.10701
2019-11-08T00:00:00Z,1.10523
2019-11-09T00:00:00Z,1.10178
2019-11-11T00:00:00Z,1.1022
2019-11-12T00:00:00Z,1.10348
2019-11-13T00:00:00Z,1.1012
2019-11-14T00:00:00Z,1.10096
2019-11-15T00:00:00Z,1.10198
2019-11-16T00:00:00Z,1.10492
2019-11-18T00:00:00Z,1.10539
2019-11-19T00:00:00Z,1.10722
2019-11-20T00:00:00Z,1.10779
2019-11-21T00:00:00Z,1.10778
2019-11-22T00:00:00Z,1.10657
2019-11-23T00:00:00Z,1.10186
2019-11-25T00:00:00Z,1.10226
2019-11-26T00:00:00Z,1.10105
2019-11-27T00:00:00Z,1.10222
2019-11-28T00:00:00Z,1.10049
2019-11-29T00:00:00Z,1.10113
2019-11-30T00:00:00Z,1.10154
2019-12-02T00:00:00Z,1.10184
2019-12-03T00:00:00Z,1.10761
2019-12-04T00:00:00Z,1.10817
2019-12-05T00:00:00Z,1.10827
2019-12-06T00:00:00Z,1.11039
2019-12-07T00:00:00Z,1.10601
2019-12-09T00:00:00Z,1.10583
2019-12-10T00:00:00Z,1.10645
2019-12-11T00:00:00Z,1.10924
2019-12-12T00:00:00Z,1.11326
2019-12-13T00:00:00Z,1.11834
2019-12-14T00:00:00Z,1.11184
2019-12-16T00:00:00Z,1.11243
2019-12-17T00:00:00Z,1.11357
2019-12-18T00:00:00Z,1.11512
2019-12-19T00:00:00Z,1.11155
2019-12-20T00:00:00Z,1.11232
2019-12-21T00:00:00Z,1.10745
2019-12-23T00:00:00Z,1.10804
2019-12-24T00:00:00Z,1.1092
2019-12-25T00:00:00Z,1.10851
2019-12-27T00:00:00Z,1.11012
2019-12-28T00:00:00Z,1.11756
2019-12-30T00:00:00Z,1.11813
2019-12-31T00:00:00Z,1.12013
2020-01-01T00:00:00Z,1.12223
2020-01-03T00:00:00Z,1.11709
2020-01-04T00:00:00Z,1.1156
2020-01-06T00:00:00Z,1.11605
2020-01-07T00:00:00Z,1.11954
2020-01-08T00:00:00Z,1.11541
2020-01-09T00:00:00Z,1.11131
2020-01-10T00:00:00Z,1.11093
2020-01-11T00:00:00Z,1.11175
2020-01-13T00:00:00Z,1.11163
2020-01-14T00:00:00Z,1.11346
2020-01-15T00:00:00Z,1.11276
2020-01-16T00:00:00Z,1.11525
2020-01-17T00:00:00Z,1.11369
2020-01-18T00:00:00Z,1.10883
2020-01-20T00:00:00Z,1.10945
2020-01-21T00:00:00Z,1.10962
2020-01-22T00:00:00Z,1.10851
2020-01-23T00:00:00Z,1.10958
2020-01-24T00:00:00Z,1.10554
2020-01-25T00:00:00Z,1.10227
2020-01-27T00:00:00Z,1.10246
2020-01-28T00:00:00Z,1.10194
2020-01-29T00:00:00Z,1.10222
2020-01-30T00:00:00Z,1.10139
2020-01-31T00:00:00Z,1.10287
2020-02-01T00:00:00Z,1.10948
2020-02-03T00:00:00Z,1.10891
2020-02-04T00:00:00Z,1.10624
2020-02-05T00:00:00Z,1.10446
2020-02-06T00:00:00Z,1.10005
2020-02-07T00:00:00Z,1.09807
2020-02-08T00:00:00Z,1.09438
2020-02-10T00:00:00Z,1.09493
2020-02-11T00:00:00Z,1.09102
2020-02-12T00:00:00Z,1.0919
2020-02-13T00:00:00Z,1.08756
2020-02-14T00:00:00Z,1.08414
2020-02-15T00:00:00Z,1.08295
2020-02-17T00:00:00Z,1.08413
2020-02-18T00:00:00Z,1.08368
2020-02-19T00:00:00Z,1.07948
2020-02-20T00:00:00Z,1.08097
2020-02-21T00:00:00Z,1.07876
2020-02-22T00:00:00Z,1.08475
2020-02-24T00:00:00Z,1.08385
2020-02-25T00:00:00Z,1.08487
2020-02-26T00:00:00Z,1.08797
2020-02-27T00:00:00Z,1.08864
2020-02-28T00:00:00Z,1.09964
2020-02-29T00:00:00Z,1.10253
2020-03-02T00:00:00Z,1.10517
2020-03-03T00:00:00Z,1.11442
2020-03-04T00:00:00Z,1.11765
2020-03-05T00:00:00Z,1.11382
2020-03-06T00:00:00Z,1.12226
2020-03-07T00:00:00Z,1.12855
2020-03-09T00:00:00Z,1.13877
2020-03-10T00:00:00Z,1.1399
2020-03-11T00:00:00Z,1.13142
2020-03-12T00:00:00Z,1.12614
2020-03-13T00:00:00Z,1.11825
2020-03-14T00:00:00Z,1.1103
2020-03-16T00:00:00Z,1.11559
2020-03-17T00:00:00Z,1.11635
2020-03-18T00:00:00Z,1.10161
2020-03-19T00:00:00Z,1.09423
2020-03-20T00:00:00Z,1.06547
2020-03-21T00:00:00Z,1.06977
2020-03-23T00:00:00Z,1.06891
2020-03-24T00:00:00Z,1.07638
2020-03-25T00:00:00Z,1.07981
2020-03-26T00:00:00Z,1.08887
2020-03-27T00:00:00Z,1.10474
2020-03-28T00:00:00Z,1.1132
2020-03-30T00:00:00Z,1.11364
2020-03-31T00:00:00Z,1.10292
2020-04-01T00:00:00Z,1.10262
2020-04-02T00:00:00Z,1.09515
2020-04-03T00:00:00Z,1.08459
2020-04-04T00:00:00Z,1.08063
2020-04-06T00:00:00Z,1.08052
2020-04-07T00:00:00Z,1.07988
2020-04-08T00:00:00Z,1.08935
2020-04-09T00:00:00Z,1.08599
2020-04-10T00:00:00Z,1.09224
2020-04-11T00:00:00Z,1.09318
2020-04-13T00:00:00Z,1.09317
2020-04-14T00:00:00Z,1.09197
2020-04-15T00:00:00Z,1.09835
2020-04-16T00:00:00Z,1.09037
2020-04-17T00:00:00Z,1.08587
2020-04-18T00:00:00Z,1.08709
2020-04-20T00:00:00Z,1.08637
2020-04-21T00:00:00Z,1.08639
2020-04-22T00:00:00Z,1.08564
2020-04-23T00:00:00Z,1.08062
2020-04-24T00:00:00Z,1.07745
2020-04-25T00:00:00Z,1.08216
2020-04-27T00:00:00Z,1.0821
2020-04-28T00:00:00Z,1.08245
2020-04-29T00:00:00Z,1.08327
2020-04-30T00:00:00Z,1.08773
2020-05-01T00:00:00Z,1.09449
2020-05-02T00:00:00Z,1.09783
2020-05-04T00:00:00Z,1.09609
2020-05-05T00:00:00Z,1.09033
2020-05-06T00:00:00Z,1.08387
2020-05-07T00:00:00Z,1.07981
2020-05-08T00:00:00Z,1.08361
2020-05-09T00:00:00Z,1.0835
2020-05-11T00:00:00Z,1.08378
2020-05-12T00:00:00Z,1.08093
2020-05-13T00:00:00Z,1.08455
2020-05-14T00:00:00Z,1.08212
2020-05-15T00:00:00Z,1.08062
2020-05-16T00:00:00Z,1.08171
2020-05-18T00:00:00Z,1.08187
2020-05-19T00:00:00Z,1.09141
2020-05-20T00:00:00Z,1.0926
2020-05-21T00:00:00Z,1.09798
2020-05-22T00:00:00Z,1.09492
2020-05-23T00:00:00Z,1.08987
2020-05-25T00:00:00Z,1.09082
2020-05-26T00:00:00Z,1.09016
2020-05-27T00:00:00Z,1.09785
2020-05-28T00:00:00Z,1.10167
2020-05-29T00:00:00Z,1.10781
2020-05-30T00:00:00Z,1.1101
2020-06-01T00:00:00Z,1.11157
2020-06-02T00:00:00Z,1.11252
2020-06-03T00:00:00Z,1.11853
2020-06-04T00:00:00Z,1.1235
2020-06-05T00:00:00Z,1.13355
2020-06-06T00:00:00Z,1.12891
2020-06-08T00:00:00Z,1.13162
2020-06-09T00:00:00Z,1.13041
2020-06-10T00:00:00Z,1.13321
2020-06-11T00:00:00Z,1.13667
2020-06-12T00:00:00Z,1.12881
2020-06-13T00:00:00Z,1.12547
2020-06-15T00:00:00Z,1.12519
2020-06-16T00:00:00Z,1.13376
2020-06-17T00:00:00Z,1.12651
2020-06-18T00:00:00Z,1.12419
2020-06-19T00:00:00Z,1.12079
2020-06-20T00:00:00Z,1.11733
2020-06-22T00:00:00Z,1.11765
2020-06-23T00:00:00Z,1.1278
2020-06-24T00:00:00Z,1.13125
2020-06-25T00:00:00Z,1.125
2020-06-26T00:00:00Z,1.12179
2020-06-27T00:00:00Z,1.12171
2020-06-29T00:00:00Z,1.12221
2020-06-30T00:00:00Z,1.12468
2020-07-01T00:00:00Z,1.12336
2020-07-02T00:00:00Z,1.12513
2020-07-03T00:00:00Z,1.12375
2020-07-04T00:00:00Z,1.12434
2020-07-06T00:00:00Z,1.12467
2020-07-07T00:00:00Z,1.13125
2020-07-08T00:00:00Z,1.12746
2020-07-09T00:00:00Z,1.13374
2020-07-10T00:00:00Z,1.12881
2020-07-11T00:00:00Z,1.12971
2020-07-13T00:00:00Z,1.13088
2020-07-14T00:00:00Z,1.13448
2020-07-15T00:00:00Z,1.14102
2020-07-16T00:00:00Z,1.1417
2020-07-17T00:00:00Z,1.1388
2020-07-18T00:00:00Z,1.14253
2020-07-20T00:00:00Z,1.14422
2020-07-21T00:00:00Z,1.14559
2020-07-22T00:00:00Z,1.15351
2020-07-23T00:00:00Z,1.15646
2020-07-24T00:00:00Z,1.15954
2020-07-25T00:00:00Z,1.16542
2020-07-27T00:00:00Z,1.16497
2020-07-28T00:00:00Z,1.17681
2020-07-29T00:00:00Z,1.17185
2020-07-30T00:00:00Z,1.17809
2020-07-31T00:00:00Z,1.18721
2020-08-01T00:00:00Z,1.17754
2020-08-03T00:00:00Z,1.17812
2020-08-04T00:00:00Z,1.17604
2020-08-05T00:00:00Z,1.18137
2020-08-06T00:00:00Z,1.18722
2020-08-07T00:00:00Z,1.18755
2020-08-08T00:00:00Z,1.17832
2020-08-10T00:00:00Z,1.17812
2020-08-11T00:00:00Z,1.17361
2020-08-12T00:00:00Z,1.17349
2020-08-13T00:00:00Z,1.1794
2020-08-14T00:00:00Z,1.18156
2020-08-15T00:00:00Z,1.18405
2020-08-17T00:00:00Z,1.18521
2020-08-18T00:00:00Z,1.18747
2020-08-19T00:00:00Z,1.19465
2020-08-20T00:00:00Z,1.18438
2020-08-21T00:00:00Z,1.18695
2020-08-22T00:00:00Z,1.17939
2020-08-24T00:00:00Z,1.17983
2020-08-25T00:00:00Z,1.17936
2020-08-26T00:00:00Z,1.18341
2020-08-27T00:00:00Z,1.18401
2020-08-28T00:00:00Z,1.18206
2020-08-29T00:00:00Z,1.19026
2020-08-31T00:00:00Z,1.19174
2020-09-01T00:00:00Z,1.19367
2020-09-02T00:00:00Z,1.19228
2020-09-03T00:00:00Z,1.18458
2020-09-04T00:00:00Z,1.18414
2020-09-05T00:00:00Z,1.18356
2020-09-07T00:00:00Z,1.18344
2020-09-08T00:00:00Z,1.18187
2020-09-09T00:00:00Z,1.17667
2020-09-10T00:00:00Z,1.18038
2020-09-11T00:00:00Z,1.18234
2020-09-12T00:00:00Z,1.18436
2020-09-14T00:00:00Z,1.18405
2020-09-15T00:00:00Z,1.18671
2020-09-16T00:00:00Z,1.18421
2020-09-17T00:00:00Z,1.18044
2020-09-18T00:00:00Z,1.18469
2020-09-19T00:00:00Z,1.18374
2020-09-21T00:00:00Z,1.18455
2020-09-22T00:00:00Z,1.17627
2020-09-23T00:00:00Z,1.17061
2020-09-24T00:00:00Z,1.16567
2020-09-25T00:00:00Z,1.16736
2020-09-26T00:00:00Z,1.16279
2020-09-28T00:00:00Z,1.16342
2020-09-29T00:00:00Z,1.16769
2020-09-30T00:00:00Z,1.17416
2020-10-01T00:00:00Z,1.17232
2020-10-02T00:00:00Z,1.1744
2020-10-03T00:00:00Z,1.17138
2020-10-05T00:00:00Z,1.17194
2020-10-06T00:00:00Z,1.1789
2020-10-07T00:00:00Z,1.17372
2020-10-08T00:00:00Z,1.17657
2020-10-09T00:00:00Z,1.17668
2020-10-10T00:00:00Z,1.18291
2020-10-12T00:00:00Z,1.18159
2020-10-13T00:00:00Z,1.18129
2020-10-14T00:00:00Z,1.17421
2020-10-15T00:00:00Z,1.17446
2020-10-16T00:00:00Z,1.17065
2020-10-17T00:00:00Z,1.17133
2020-10-19T00:00:00Z,1.17155
2020-10-20T00:00:00Z,1.17684
2020-10-21T00:00:00Z,1.1829
2020-10-22T00:00:00Z,1.18517
2020-10-23T00:00:00Z,1.18146
2020-10-24T00:00:00Z,1.18573
2020-11-16T00:00:00Z,1.18517
2020-11-17T00:00:00Z,1.1859
2020-11-18T00:00:00Z,1.18682
2020-11-19T00:00:00Z,1.1847
2020-11-20T00:00:00Z,1.18846
2020-11-21T00:00:00Z,1.18555
2020-11-23T00:00:00Z,1.18731
2020-11-24T00:00:00Z,1.18541
2020-11-25T00:00:00Z,1.19043
2020-11-26T00:00:00Z,1.19242
2020-11-27T00:00:00Z,1.19245
2020-11-28T00:00:00Z,1.19624
2020-11-30T00:00:00Z,1.19682
2020-12-01T00:00:00Z,1.19576
2020-12-02T00:00:00Z,1.20751
2020-12-03T00:00:00Z,1.21174
2020-12-04T00:00:00Z,1.2142
2020-12-05T00:00:00Z,1.21212
2020-12-07T00:00:00Z,1.21326
2020-12-08T00:00:00Z,1.21144
2020-12-09T00:00:00Z,1.21289
2020-12-10T00:00:00Z,1.20993
2020-12-11T00:00:00Z,1.21555
2020-12-12T00:00:00Z,1.21099
2020-12-14T00:00:00Z,1.21333
2020-12-15T00:00:00Z,1.21468
2020-12-16T00:00:00Z,1.21647
2020-12-17T00:00:00Z,1.22251
2020-12-18T00:00:00Z,1.22409
2020-12-19T00:00:00Z,1.22524
2020-12-21T00:00:00Z,1.21909
2020-12-22T00:00:00Z,1.2223
2020-12-23T00:00:00Z,1.2188
2020-12-24T00:00:00Z,1.22046
2020-12-25T00:00:00Z,1.21794
2020-12-28T00:00:00Z,1.22103
2020-12-29T00:00:00Z,1.22396
2020-12-30T00:00:00Z,1.22849
2020-12-31T00:00:00Z,1.22867
2021-01-01T00:00:00Z,1.22154
2021-01-04T00:00:00Z,1.22499
2021-01-05T00:00:00Z,1.22526
2021-01-06T00:00:00Z,1.22986
2021-01-07T00:00:00Z,1.23384
2021-01-08T00:00:00Z,1.22689
2021-01-09T00:00:00Z,1.22172
2021-01-10T00:00:00Z,1.2221
2021-01-11T00:00:00Z,1.21868
2021-01-12T00:00:00Z,1.21605
2021-01-13T00:00:00Z,1.22085
2021-01-14T00:00:00Z,1.21618
2021-01-15T00:00:00Z,1.21507
2021-01-16T00:00:00Z,1.2075
2021-01-17T00:00:00Z,1.2075
2021-01-18T00:00:00Z,1.20661
2021-01-19T00:00:00Z,1.2077
2021-01-20T00:00:00Z,1.21393
2021-01-21T00:00:00Z,1.2115
2021-01-22T00:00:00Z,1.21655
2021-01-23T00:00:00Z,1.21134
2021-01-25T00:00:00Z,1.2167
2021-01-26T00:00:00Z,1.21426
2021-01-27T00:00:00Z,1.2163
2021-01-28T00:00:00Z,1.21
2021-01-29T00:00:00Z,1.212
2021-01-30T00:00:00Z,1.2137
2021-01-31T00:00:00Z,1.2136
2021-02-01T00:00:00Z,1.21225
2021-02-02T00:00:00Z,1.20676
2021-02-03T00:00:00Z,1.20364
2021-02-04T00:00:00Z,1.20404
2021-02-05T00:00:00Z,1.1964
2021-02-06T00:00:00Z,1.20401
2021-02-08T00:00:00Z,1.20482
2021-02-09T00:00:00Z,1.20514
2021-02-10T00:00:00Z,1.21162
2021-02-11T00:00:00Z,1.2118
2021-02-12T00:00:00Z,1.21304
2021-02-13T00:00:00Z,1.21182
2021-02-14T00:00:00Z,1.2119
2021-02-15T00:00:00Z,1.21201
2021-02-16T00:00:00Z,1.21321
2021-02-17T00:00:00Z,1.2088
2021-02-18T00:00:00Z,1.20452
2021-02-19T00:00:00Z,1.20916
2021-02-20T00:00:00Z,1.2109
2021-02-21T00:00:00Z,1.2119
2021-02-22T00:00:00Z,1.21243
2021-02-23T00:00:00Z,1.21639
2021-02-24T00:00:00Z,1.21508
2021-02-25T00:00:00Z,1.21695
2021-02-26T00:00:00Z,1.21576
2021-02-27T00:00:00Z,1.20695
2021-03-01T00:00:00Z,1.20902
2021-03-02T00:00:00Z,1.20485
2021-03-03T00:00:00Z,1.20847
2021-03-04T00:00:00Z,1.20466
2021-03-05T00:00:00Z,1.19664
2021-03-06T00:00:00Z,1.19088
2021-03-08T00:00:00Z,1.1926
2021-03-09T00:00:00Z,1.18507
2021-03-10T00:00:00Z,1.18968
2021-03-11T00:00:00Z,1.1923
2021-03-12T00:00:00Z,1.19808
2021-03-13T00:00:00Z,1.19523
2021-03-15T00:00:00Z,1.19497
2021-03-16T00:00:00Z,1.1925
2021-03-17T00:00:00Z,1.19004
2021-03-18T00:00:00Z,1.1982
2021-03-19T00:00:00Z,1.19175
2021-03-20T00:00:00Z,1.1946
2021-03-22T00:00:00Z,1.18832
2021-03-23T00:00:00Z,1.19321
2021-03-24T00:00:00Z,1.18396
2021-03-25T00:00:00Z,1.1813
2021-03-26T00:00:00Z,1.17753
2021-03-27T00:00:00Z,1.1822
2021-03-29T00:00:00Z,1.17872
2021-03-30T00:00:00Z,1.17685
2021-03-31T00:00:00Z,1.17228
2021-04-01T00:00:00Z,1.17263
2021-04-02T00:00:00Z,1.1777
2021-04-03T00:00:00Z,1.1761
2021-04-05T00:00:00Z,1.17677
2021-04-06T00:00:00Z,1.1817
2021-04-07T00:00:00Z,1.18736
2021-04-08T00:00:00Z,1.1871
2021-04-09T00:00:00Z,1.19152
2021-04-10T00:00:00Z,1.18963
2021-04-11T00:00:00Z,1.19
2021-04-12T00:00:00Z,1.18954
2021-04-13T00:00:00Z,1.19116
2021-04-14T00:00:00Z,1.19536
2021-04-15T00:00:00Z,1.19833
2021-04-16T00:00:00Z,1.19685
2021-04-17T00:00:00Z,1.19816
2021-04-18T00:00:00Z,1.1982
2021-04-19T00:00:00Z,1.19682
2021-04-20T00:00:00Z,1.204
2021-04-21T00:00:00Z,1.20324
2021-04-22T00:00:00Z,1.20373
2021-04-23T00:00:00Z,1.20144
2021-04-24T00:00:00Z,1.20973
2021-04-25T00:00:00Z,1.2097
2021-04-26T00:00:00Z,1.2089
2021-04-27T00:00:00Z,1.20795
2021-04-28T00:00:00Z,1.2088
2021-04-29T00:00:00Z,1.21339
2021-04-30T00:00:00Z,1.2125
2021-05-01T00:00:00Z,1.20167
2021-05-02T00:00:00Z,1.202
2021-05-03T00:00:00Z,1.2025
2021-05-04T00:00:00Z,1.20589
2021-05-05T00:00:00Z,1.2014
2021-05-06T00:00:00Z,1.20076
2021-05-07T00:00:00Z,1.20652
2021-05-08T00:00:00Z,1.21634
2021-05-09T00:00:00Z,1.2161
2021-05-10T00:00:00Z,1.21703
2021-05-11T00:00:00Z,1.21403
2021-05-12T00:00:00Z,1.21439
2021-05-13T00:00:00Z,1.2076
2021-05-14T00:00:00Z,1.20766
2021-05-15T00:00:00Z,1.21446
2021-05-17T00:00:00Z,1.21494
2021-05-18T00:00:00Z,1.21577
2021-05-19T00:00:00Z,1.22221
2021-05-20T00:00:00Z,1.21702
2021-05-21T00:00:00Z,1.22247
2021-05-22T00:00:00Z,1.2179
2021-05-25T00:00:00Z,1.22139
2021-05-26T00:00:00Z,1.2246
2021-05-27T00:00:00Z,1.21918
2021-05-28T00:00:00Z,1.2191
2021-05-29T00:00:00Z,1.21921
2021-05-31T00:00:00Z,1.21891
2021-06-01T00:00:00Z,1.22322
2021-06-02T00:00:00Z,1.22165
2021-06-03T00:00:00Z,1.22093
2021-06-04T00:00:00Z,1.213
2021-06-05T00:00:00Z,1.21648
2021-06-07T00:00:00Z,1.2165
2021-06-08T00:00:00Z,1.2188
2021-06-09T00:00:00Z,1.21725
2021-06-10T00:00:00Z,1.21785
2021-06-11T00:00:00Z,1.21725
2021-06-12T00:00:00Z,1.2105
2021-06-14T00:00:00Z,1.21091
2021-06-15T00:00:00Z,1.21215
2021-06-16T00:00:00Z,1.21246
2021-06-17T00:00:00Z,1.19949
2021-06-18T00:00:00Z,1.19124
2021-06-19T00:00:00Z,1.18585
2021-06-21T00:00:00Z,1.1869
2021-06-22T00:00:00Z,1.1912
2021-06-23T00:00:00Z,1.19363
2021-06-24T00:00:00Z,1.19288
2021-06-25T00:00:00Z,1.1927
2021-06-26T00:00:00Z,1.1936
2021-06-28T00:00:00Z,1.1941
2021-06-29T00:00:00Z,1.19269
2021-06-30T00:00:00Z,1.19003
2021-07-01T00:00:00Z,1.1857
2021-07-02T00:00:00Z,1.18455
2021-07-03T00:00:00Z,1.18603
2021-07-04T00:00:00Z,1.1864
2021-07-05T00:00:00Z,1.18552
2021-07-06T00:00:00Z,1.1864
2021-07-07T00:00:00Z,1.1822
2021-07-08T00:00:00Z,1.1793
2021-07-09T00:00:00Z,1.18463
2021-07-10T00:00:00Z,1.18772
2021-07-11T00:00:00Z,1.1876
2021-07-12T00:00:00Z,1.18715
2021-07-13T00:00:00Z,1.1862
2021-07-14T00:00:00Z,1.17749
2021-07-15T00:00:00Z,1.18329
2021-07-16T00:00:00Z,1.18115
2021-07-17T00:00:00Z,1.1803
2021-07-18T00:00:00Z,1.1806
2021-07-19T00:00:00Z,1.1811
2021-07-20T00:00:00Z,1.17919
2021-07-21T00:00:00Z,1.1781
2021-07-22T00:00:00Z,1.1792
2021-07-23T00:00:00Z,1.17721
2021-07-24T00:00:00Z,1.17714
2021-07-25T00:00:00Z,1.1771
2021-07-26T00:00:00Z,1.17726
2021-07-27T00:00:00Z,1.18048
2021-07-28T00:00:00Z,1.18204
2021-07-29T00:00:00Z,1.1844
2021-07-30T00:00:00Z,1.189
2021-07-31T00:00:00Z,1.1869
2021-08-02T00:00:00Z,1.18657
2021-08-03T00:00:00Z,1.18736
2021-08-04T00:00:00Z,1.18691
2021-08-05T00:00:00Z,1.18372
2021-08-06T00:00:00Z,1.1831
2021-08-07T00:00:00Z,1.17606
2021-08-08T00:00:00Z,1.176
2021-08-09T00:00:00Z,1.1747
2021-08-10T00:00:00Z,1.1736
2021-08-11T00:00:00Z,1.17196
2021-08-12T00:00:00Z,1.17417
2021-08-13T00:00:00Z,1.17353
2021-08-14T00:00:00Z,1.179
2021-08-16T00:00:00Z,1.1792
2021-08-17T00:00:00Z,1.1776
2021-08-18T00:00:00Z,1.17091
2021-08-19T00:00:00Z,1.17026
2021-08-20T00:00:00Z,1.16764
2021-08-21T00:00:00Z,1.16839
2021-08-22T00:00:00Z,1.16879
2021-08-23T00:00:00Z,1.16964
2021-08-24T00:00:00Z,1.1743
2021-08-25T00:00:00Z,1.17528
2021-08-26T00:00:00Z,1.1771
2021-08-27T00:00:00Z,1.1752
2021-08-28T00:00:00Z,1.1796
2021-08-30T00:00:00Z,1.1797
2021-08-31T00:00:00Z,1.17963
2021-09-01T00:00:00Z,1.1809
2021-09-02T00:00:00Z,1.184
2021-09-03T00:00:00Z,1.18739
2021-09-04T00:00:00Z,1.18784
2021-09-06T00:00:00Z,1.18852
2021-09-07T00:00:00Z,1.18733
2021-09-08T00:00:00Z,1.1843
2021-09-09T00:00:00Z,1.18189
2021-09-10T00:00:00Z,1.18231
2021-09-11T00:00:00Z,1.18137
2021-09-13T00:00:00Z,1.1811
2021-09-14T00:00:00Z,1.181
2021-09-15T00:00:00Z,1.1803
2021-09-16T00:00:00Z,1.1818
2021-09-17T00:00:00Z,1.1767
2021-09-18T00:00:00Z,1.17223
2021-09-20T00:00:00Z,1.17289
2021-09-21T00:00:00Z,1.17265
2021-09-22T00:00:00Z,1.17227
2021-09-23T00:00:00Z,1.16869
2021-09-24T00:00:00Z,1.17396
2021-09-25T00:00:00Z,1.17199
2021-09-27T00:00:00Z,1.17216
2021-09-28T00:00:00Z,1.16948
2021-09-29T00:00:00Z,1.16861
2021-09-30T00:00:00Z,1.1599
2021-10-01T00:00:00Z,1.15735
2021-10-02T00:00:00Z,1.1591
2021-10-04T00:00:00Z,1.16062
2021-10-05T00:00:00Z,1.1617
2021-10-06T00:00:00Z,1.15953
2021-10-07T00:00:00Z,1.15548
2021-10-08T00:00:00Z,1.1558
2021-10-09T00:00:00Z,1.15705
2021-10-10T00:00:00Z,1.1569
2021-10-11T00:00:00Z,1.1565
2021-10-12T00:00:00Z,1.1553
2021-10-13T00:00:00Z,1.15306
2021-10-14T00:00:00Z,1.15958
2021-10-15T00:00:00Z,1.15901
2021-10-16T00:00:00Z,1.15994
2021-10-18T00:00:00Z,1.1596
2021-10-19T00:00:00Z,1.1613
2021-10-20T00:00:00Z,1.163
2021-10-21T00:00:00Z,1.16524
2021-10-22T00:00:00Z,1.16248
2021-10-23T00:00:00Z,1.16437
2021-10-24T00:00:00Z,1.1641
2021-10-25T00:00:00Z,1.1637
2021-10-26T00:00:00Z,1.1607
2021-10-27T00:00:00Z,1.1595
2021-10-28T00:00:00Z,1.15982
2021-10-29T00:00:00Z,1.1682
2021-10-30T00:00:00Z,1.1547
2021-11-01T00:00:00Z,1.15559
2021-11-02T00:00:00Z,1.15996
2021-11-03T00:00:00Z,1.15791
2021-11-04T00:00:00Z,1.1614
2021-11-05T00:00:00Z,1.15544
2021-11-06T00:00:00Z,1.155
2021-11-08T00:00:00Z,1.15677
2021-11-09T00:00:00Z,1.1587
2021-11-10T00:00:00Z,1.1593
2021-11-11T00:00:00Z,1.14855
2021-11-12T00:00:00Z,1.14475
2021-11-13T00:00:00Z,1.14459
2021-11-15T00:00:00Z,1.1441
2021-11-16T00:00:00Z,1.13668
2021-11-17T00:00:00Z,1.13178
2021-11-18T00:00:00Z,1.1316
2021-11-19T00:00:00Z,1.13677
2021-11-20T00:00:00Z,1.1252
2021-11-23T00:00:00Z,1.124
2021-11-24T00:00:00Z,1.1245
2021-11-25T00:00:00Z,1.12023
2021-11-26T00:00:00Z,1.12088
2021-11-27T00:00:00Z,1.1319
2021-11-29T00:00:00Z,1.1292
2021-11-30T00:00:00Z,1.12925
2021-12-01T00:00:00Z,1.133
2021-12-02T00:00:00Z,1.1319
2021-12-03T00:00:00Z,1.13059
2021-12-04T00:00:00Z,1.1313
2021-12-05T00:00:00Z,1.1313
2021-12-07T00:00:00Z,1.12826
2021-12-08T00:00:00Z,1.1272
2021-12-09T00:00:00Z,1.13441
2021-12-10T00:00:00Z,1.12934
2021-12-11T00:00:00Z,1.13182
2021-12-12T00:00:00Z,1.1316
2021-12-14T00:00:00Z,1.1284
2021-12-15T00:00:00Z,1.12575
2021-12-16T00:00:00Z,1.12901
2021-12-17T00:00:00Z,1.13328
2021-12-18T00:00:00Z,1.12363
2021-12-19T00:00:00Z,1.1239
2021-12-20T00:00:00Z,1.12424
2021-12-21T00:00:00Z,1.1277
2021-12-22T00:00:00Z,1.12869
2021-12-23T00:00:00Z,1.1326
2021-12-24T00:00:00Z,1.13225
2021-12-25T00:00:00Z,1.1321
2021-12-27T00:00:00Z,1.13227
2021-12-28T00:00:00Z,1.13289
2021-12-29T00:00:00Z,1.13129
2021-12-30T00:00:00Z,1.13597
2021-12-31T00:00:00Z,1.13221
2022-01-01T00:00:00Z,1.1373
2022-01-03T00:00:00Z,1.13725
2022-01-04T00:00:00Z,1.13021
2022-01-05T00:00:00Z,1.1281
2022-01-06T00:00:00Z,1.131
2022-01-07T00:00:00Z,1.1295
2022-01-08T00:00:00Z,1.13602
2022-01-09T00:00:00Z,1.136
2022-01-10T00:00:00Z,1.13531
2022-01-11T00:00:00Z,1.13302
2022-01-12T00:00:00Z,1.13659
2022-01-13T00:00:00Z,1.14395
2022-01-14T00:00:00Z,1.14567
2022-01-15T00:00:00Z,1.1415
2022-01-18T00:00:00Z,1.1409
2022-01-19T00:00:00Z,1.1327
2022-01-20T00:00:00Z,1.1341
2022-01-21T00:00:00Z,1.13129
2022-01-22T00:00:00Z,1.1343
2022-01-24T00:00:00Z,1.13408
2022-01-25T00:00:00Z,1.13234
2022-01-26T00:00:00Z,1.13028
2022-01-27T00:00:00Z,1.12405
2022-01-28T00:00:00Z,1.1144
2022-01-29T00:00:00Z,1.11376
2022-01-31T00:00:00Z,1.11517
2022-02-01T00:00:00Z,1.1229
2022-02-02T00:00:00Z,1.12728
2022-02-03T00:00:00Z,1.12994
2022-02-04T00:00:00Z,1.14357
2022-02-05T00:00:00Z,1.1448
2022-02-07T00:00:00Z,1.1454
2022-02-08T00:00:00Z,1.14409
2022-02-09T00:00:00Z,1.14204
2022-02-10T00:00:00Z,1.142
2022-02-11T00:00:00Z,1.14115
2022-02-12T00:00:00Z,1.13292
2022-02-13T00:00:00Z,1.13452
2022-02-14T00:00:00Z,1.13642
2022-02-15T00:00:00Z,1.13058
2022-02-16T00:00:00Z,1.13543
2022-02-17T00:00:00Z,1.13728
2022-02-18T00:00:00Z,1.13635
2022-02-19T00:00:00Z,1.13065
2022-02-21T00:00:00Z,1.1316
2022-02-22T00:00:00Z,1.1309
2022-02-23T00:00:00Z,1.13289
2022-02-24T00:00:00Z,1.1304
2022-02-25T00:00:00Z,1.11904
2022-02-26T00:00:00Z,1.1273
2022-02-27T00:00:00Z,1.1271
2022-02-28T00:00:00Z,1.11795
2022-03-01T00:00:00Z,1.12141
2022-03-02T00:00:00Z,1.11313
2022-03-03T00:00:00Z,1.11122
2022-03-04T00:00:00Z,1.10656
2022-03-05T00:00:00Z,1.0926
2022-03-06T00:00:00Z,1.0924
2022-03-07T00:00:00Z,1.08729
2022-03-08T00:00:00Z,1.08662
2022-03-09T00:00:00Z,1.08974
2022-03-10T00:00:00Z,1.10735
2022-03-11T00:00:00Z,1.10126
2022-03-12T00:00:00Z,1.0913
2022-03-14T00:00:00Z,1.09316
2022-03-15T00:00:00Z,1.09425
2022-03-16T00:00:00Z,1.09667
2022-03-17T00:00:00Z,1.10213
2022-03-18T00:00:00Z,1.1099
2022-03-19T00:00:00Z,1.1069
2022-03-21T00:00:00Z,1.10417
2022-03-22T00:00:00Z,1.10166
2022-03-23T00:00:00Z,1.10292
2022-03-24T00:00:00Z,1.10059
2022-03-25T00:00:00Z,1.10084
2022-03-26T00:00:00Z,1.0985
2022-03-27T00:00:00Z,1.0983
2022-03-28T00:00:00Z,1.09813
2022-03-29T00:00:00Z,1.09914
2022-03-30T00:00:00Z,1.10912
2022-03-31T00:00:00Z,1.1161
2022-04-01T00:00:00Z,1.10723
2022-04-02T00:00:00Z,1.10494
2022-04-03T00:00:00Z,1.1041
2022-04-04T00:00:00Z,1.10453
2022-04-05T00:00:00Z,1.09752
2022-04-06T00:00:00Z,1.09057
2022-04-07T00:00:00Z,1.08975
2022-04-08T00:00:00Z,1.08641
2022-04-09T00:00:00Z,1.08737
2022-04-11T00:00:00Z,1.08839
2022-04-12T00:00:00Z,1.08766
2022-04-13T00:00:00Z,1.0826
2022-04-14T00:00:00Z,1.08948
2022-04-15T00:00:00Z,1.08202
2022-04-16T00:00:00Z,1.08099
2022-04-18T00:00:00Z,1.0812
2022-04-19T00:00:00Z,1.07797
2022-04-20T00:00:00Z,1.07943
2022-04-21T00:00:00Z,1.08495
2022-04-22T00:00:00Z,1.0835
2022-04-23T00:00:00Z,1.07981
2022-04-24T00:00:00Z,1.0798
2022-04-25T00:00:00Z,1.08092
2022-04-26T00:00:00Z,1.07124
2022-04-27T00:00:00Z,1.06425
2022-04-28T00:00:00Z,1.0554
2022-04-29T00:00:00Z,1.05029
2022-04-30T00:00:00Z,1.0541
2022-05-02T00:00:00Z,1.05348
2022-05-03T00:00:00Z,1.05096
2022-05-04T00:00:00Z,1.05255
2022-05-05T00:00:00Z,1.06205
2022-05-06T00:00:00Z,1.05393
2022-05-07T00:00:00Z,1.05342
2022-05-09T00:00:00Z,1.0532
2022-05-10T00:00:00Z,1.05633
2022-05-11T00:00:00Z,1.0529
2022-05-12T00:00:00Z,1.05116
2022-05-13T00:00:00Z,1.0378
2022-05-14T00:00:00Z,1.04083
2022-05-16T00:00:00Z,1.03976
2022-05-17T00:00:00Z,1.04389
2022-05-18T00:00:00Z,1.05486
2022-05-19T00:00:00Z,1.04729
2022-05-20T00:00:00Z,1.05794
2022-05-21T00:00:00Z,1.05608
2022-05-23T00:00:00Z,1.0569
2022-05-24T00:00:00Z,1.06838
2022-05-25T00:00:00Z,1.07325
2022-05-26T00:00:00Z,1.06869
2022-05-27T00:00:00Z,1.07326
2022-05-28T00:00:00Z,1.07316
2022-05-30T00:00:00Z,1.07289
2022-05-31T00:00:00Z,1.07727
2022-06-01T00:00:00Z,1.07338
2022-06-02T00:00:00Z,1.06509
2022-06-03T00:00:00Z,1.0751
2022-06-04T00:00:00Z,1.07183
2022-06-05T00:00:00Z,1.0718
2022-06-06T00:00:00Z,1.0723
2022-06-07T00:00:00Z,1.06893
2022-06-08T00:00:00Z,1.0697
2022-06-09T00:00:00Z,1.07169
2022-06-10T00:00:00Z,1.06191
2022-06-11T00:00:00Z,1.0517
2022-06-12T00:00:00Z,1.0519
2022-06-13T00:00:00Z,1.04905
2022-06-14T00:00:00Z,1.04151
2022-06-15T00:00:00Z,1.04368
2022-06-16T00:00:00Z,1.04575
2022-06-17T00:00:00Z,1.0545
2022-06-18T00:00:00Z,1.04531
2022-06-19T00:00:00Z,1.0495
2022-06-20T00:00:00Z,1.04898
2022-06-21T00:00:00Z,1.0518
2022-06-22T00:00:00Z,1.05307
2022-06-23T00:00:00Z,1.05645
2022-06-24T00:00:00Z,1.05194
2022-06-25T00:00:00Z,1.05336
2022-06-27T00:00:00Z,1.0566
2022-06-28T00:00:00Z,1.05796
2022-06-29T00:00:00Z,1.05221
2022-06-30T00:00:00Z,1.04457
2022-07-01T00:00:00Z,1.04783
2022-07-02T00:00:00Z,1.04272
2022-07-04T00:00:00Z,1.0433
2022-07-05T00:00:00Z,1.04325
2022-07-06T00:00:00Z,1.02563
2022-07-07T00:00:00Z,1.01841
2022-07-08T00:00:00Z,1.0169
2022-07-09T00:00:00Z,1.0182
2022-07-11T00:00:00Z,1.0167
2022-07-12T00:00:00Z,1.0046
2022-07-13T00:00:00Z,1.00303
2022-07-14T00:00:00Z,1.0034
2022-07-15T00:00:00Z,1.00265
2022-07-16T00:00:00Z,1.00766
2022-07-18T00:00:00Z,1.0097
2022-07-19T00:00:00Z,1.0146
2022-07-20T00:00:00Z,1.02303
2022-07-21T00:00:00Z,1.01806
2022-07-22T00:00:00Z,1.02199
2022-07-23T00:00:00Z,1.01866
2022-07-24T00:00:00Z,1.0212
2022-07-25T00:00:00Z,1.01991
2022-07-26T00:00:00Z,1.02232
2022-07-27T00:00:00Z,1.01287
2022-07-28T00:00:00Z,1.02052
2022-07-29T00:00:00Z,1.0191
2022-07-30T00:00:00Z,1.02264
2022-08-01T00:00:00Z,1.02099
2022-08-02T00:00:00Z,1.02626
2022-08-03T00:00:00Z,1.01563
2022-08-04T00:00:00Z,1.01562
2022-08-05T00:00:00Z,1.02475
2022-08-06T00:00:00Z,1.01749
2022-08-07T00:00:00Z,1.01799
2022-08-08T00:00:00Z,1.01719
2022-08-09T00:00:00Z,1.01976
2022-08-10T00:00:00Z,1.02081
2022-08-11T00:00:00Z,1.02988
2022-08-12T00:00:00Z,1.032
2022-08-13T00:00:00Z,1.02622
2022-08-15T00:00:00Z,1.0254
2022-08-16T00:00:00Z,1.0162
2022-08-17T00:00:00Z,1.01693
2022-08-18T00:00:00Z,1.01772
2022-08-19T00:00:00Z,1.00891
2022-08-20T00:00:00Z,1.0038
2022-08-21T00:00:00Z,1.0036
2022-08-22T00:00:00Z,1.0036
2022-08-23T00:00:00Z,0.99382
2022-08-24T00:00:00Z,0.99664
2022-08-25T00:00:00Z,0.9967
2022-08-26T00:00:00Z,0.99701
2022-08-27T00:00:00Z,0.9963
2022-08-28T00:00:00Z,0.9964
2022-08-29T00:00:00Z,0.99357
2022-08-30T00:00:00Z,1.00106
2022-08-31T00:00:00Z,1.00234
2022-09-01T00:00:00Z,1.00379
2022-09-02T00:00:00Z,0.99519
2022-09-03T00:00:00Z,0.9951
2022-09-05T00:00:00Z,0.99075
2022-09-06T00:00:00Z,0.995
2022-09-07T00:00:00Z,0.98969
2022-09-08T00:00:00Z,0.99976
2022-09-09T00:00:00Z,1.00097
2022-09-10T00:00:00Z,1.015
2022-09-11T00:00:00Z,1.0151
2022-09-12T00:00:00Z,1.00702
2022-09-13T00:00:00Z,1.01291
2022-09-14T00:00:00Z,0.99781
2022-09-15T00:00:00Z,0.99819
2022-09-16T00:00:00Z,0.99873
2022-09-17T00:00:00Z,1.00052
2022-09-18T00:00:00Z,1.00092
2022-09-19T00:00:00Z,1.00219
2022-09-20T00:00:00Z,1.00296
2022-09-21T00:00:00Z,0.99711
2022-09-22T00:00:00Z,0.98311
2022-09-23T00:00:00Z,0.9838
2022-09-24T00:00:00Z,0.9691
2022-09-25T00:00:00Z,0.9689
2022-09-26T00:00:00Z,0.96853
2022-09-27T00:00:00Z,0.96196
2022-09-28T00:00:00Z,0.9595
2022-09-29T00:00:00Z,0.97053
2022-09-30T00:00:00Z,0.9829
2022-10-01T00:00:00Z,0.9801
2022-10-03T00:00:00Z,0.97932
2022-10-04T00:00:00Z,0.98334
2022-10-05T00:00:00Z,0.99837
2022-10-06T00:00:00Z,0.99116
2022-10-07T00:00:00Z,0.9789
2022-10-08T00:00:00Z,0.9736
2022-10-09T00:00:00Z,0.9744
2022-10-10T00:00:00Z,0.9735
2022-10-11T00:00:00Z,0.97112
2022-10-12T00:00:00Z,0.97003
2022-10-13T00:00:00Z,0.97046
2022-10-14T00:00:00Z,0.97671
2022-10-15T00:00:00Z,0.9718
2022-10-17T00:00:00Z,0.9738
2022-10-18T00:00:00Z,0.98437
2022-10-19T00:00:00Z,0.98628
2022-10-20T00:00:00Z,0.97654
2022-10-21T00:00:00Z,0.97783
2022-10-22T00:00:00Z,0.98497
2022-10-23T00:00:00Z,0.98547
2022-10-24T00:00:00Z,0.9861
2022-10-25T00:00:00Z,0.98839
2022-10-26T00:00:00Z,0.9962
2022-10-27T00:00:00Z,1.00932
2022-10-28T00:00:00Z,0.99667
2022-10-29T00:00:00Z,0.99601
2022-10-31T00:00:00Z,0.99543
2022-11-01T00:00:00Z,0.98856
2022-11-02T00:00:00Z,0.98771
2022-11-03T00:00:00Z,0.98133
2022-11-04T00:00:00Z,0.97492
2022-11-05T00:00:00Z,0.9819
2022-11-06T00:00:00Z,0.983
2022-11-07T00:00:00Z,0.99281
2022-11-08T00:00:00Z,1.00173
2022-11-09T00:00:00Z,1.00806
2022-11-10T00:00:00Z,1.0019
2022-11-11T00:00:00Z,1.01914
2022-11-12T00:00:00Z,1.037
2022-11-13T00:00:00Z,1.036
2022-11-14T00:00:00Z,1.03267
2022-11-15T00:00:00Z,1.03196
2022-11-16T00:00:00Z,1.03572
2022-11-17T00:00:00Z,1.03934
2022-11-18T00:00:00Z,1.03607
2022-11-19T00:00:00Z,1.0343
2022-11-20T00:00:00Z,1.0344
2022-11-21T00:00:00Z,1.03304
2022-11-22T00:00:00Z,1.0245
2022-11-23T00:00:00Z,1.03108
2022-11-24T00:00:00Z,1.0418
2022-11-25T00:00:00Z,1.04075
2022-11-26T00:00:00Z,1.0412
2022-11-27T00:00:00Z,1.0413
2022-11-28T00:00:00Z,1.03665
2022-11-29T00:00:00Z,1.03431
2022-11-30T00:00:00Z,1.0324
2022-12-01T00:00:00Z,1.04233
2022-12-02T00:00:00Z,1.0526
2022-12-03T00:00:00Z,1.0535
2022-12-04T00:00:00Z,1.0536
2022-12-05T00:00:00Z,1.05433
2022-12-06T00:00:00Z,1.0495
2022-12-07T00:00:00Z,1.04671
2022-12-08T00:00:00Z,1.05115
2022-12-09T00:00:00Z,1.05554
2022-12-10T00:00:00Z,1.0544
2022-12-11T00:00:00Z,1.054
2022-12-12T00:00:00Z,1.05209
2022-12-13T00:00:00Z,1.05416
2022-12-14T00:00:00Z,1.06246
2022-12-15T00:00:00Z,1.06761
2022-12-16T00:00:00Z,1.06386
2022-12-17T00:00:00Z,1.0597
2022-12-18T00:00:00Z,1.0593
2022-12-19T00:00:00Z,1.0584
2022-12-20T00:00:00Z,1.06121
2022-12-21T00:00:00Z,1.06251
2022-12-22T00:00:00Z,1.06076
2022-12-23T00:00:00Z,1.06011
2022-12-24T00:00:00Z,1.0667
2022-12-25T00:00:00Z,1.0665
2022-12-26T00:00:00Z,1.06096
2022-12-27T00:00:00Z,1.06397
2022-12-28T00:00:00Z,1.06367
2022-12-29T00:00:00Z,1.06284
2022-12-30T00:00:00Z,1.0659
2022-12-31T00:00:00Z,1.0724
2023-01-01T00:00:00Z,1.0725
2023-01-02T00:00:00Z,1.0793
2023-01-03T00:00:00Z,1.06763
2023-01-04T00:00:00Z,1.05451
2023-01-05T00:00:00Z,1.0605
2023-01-06T00:00:00Z,1.05211
2023-01-07T00:00:00Z,1.0661
2023-01-08T00:00:00Z,1.0662
2023-01-09T00:00:00Z,1.06626
2023-01-10T00:00:00Z,1.07324
2023-01-11T00:00:00Z,1.07382
2023-01-12T00:00:00Z,1.07656
2023-01-13T00:00:00Z,1.08597
2023-01-14T00:00:00Z,1.0845
2023-01-16T00:00:00Z,1.08223
2023-01-17T00:00:00Z,1.08294
2023-01-18T00:00:00Z,1.07893
2023-01-19T00:00:00Z,1.07974
2023-01-20T00:00:00Z,1.0832
2023-01-21T00:00:00Z,1.0875
2023-01-22T00:00:00Z,1.0876
2023-01-23T00:00:00Z,1.08639
2023-01-24T00:00:00Z,1.08713
2023-01-25T00:00:00Z,1.08898
2023-01-26T00:00:00Z,1.09205
2023-01-27T00:00:00Z,1.0892
2023-01-28T00:00:00Z,1.087
2023-01-29T00:00:00Z,1.0871
2023-01-30T00:00:00Z,1.08715
2023-01-31T00:00:00Z,1.0849
2023-02-01T00:00:00Z,1.08603
2023-02-02T00:00:00Z,1.10127
2023-02-03T00:00:00Z,1.09044
2023-02-04T00:00:00Z,1.0825
2023-02-05T00:00:00Z,1.0822
2023-02-06T00:00:00Z,1.07891
2023-02-07T00:00:00Z,1.0729
2023-02-08T00:00:00Z,1.0731
2023-02-09T00:00:00Z,1.07155
2023-02-10T00:00:00Z,1.07389
2023-02-11T00:00:00Z,1.0699
2023-02-12T00:00:00Z,1.0696
2023-02-14T00:00:00Z,1.07307
2023-02-15T00:00:00Z,1.0735
2023-02-16T00:00:00Z,1.06915
2023-02-17T00:00:00Z,1.06653
2023-02-18T00:00:00Z,1.0718
2023-02-19T00:00:00Z,1.0715
2023-02-20T00:00:00Z,1.06838
2023-02-21T00:00:00Z,1.06824
2023-02-22T00:00:00Z,1.06511
2023-02-23T00:00:00Z,1.06051
2023-02-24T00:00:00Z,1.05972
2023-02-25T00:00:00Z,1.0583
2023-02-26T00:00:00Z,1.0571
2023-02-27T00:00:00Z,1.05531
2023-02-28T00:00:00Z,1.06092
2023-03-01T00:00:00Z,1.05766
2023-03-02T00:00:00Z,1.06688
2023-03-03T00:00:00Z,1.05985
2023-03-04T00:00:00Z,1.0648
2023-03-05T00:00:00Z,1.0649
2023-03-06T00:00:00Z,1.06254
2023-03-07T00:00:00Z,1.0686
2023-03-08T00:00:00Z,1.05481
2023-03-09T00:00:00Z,1.05486
2023-03-10T00:00:00Z,1.05859
2023-03-11T00:00:00Z,1.0655
2023-03-12T00:00:00Z,1.0645
2023-03-13T00:00:00Z,1.0681
2023-03-14T00:00:00Z,1.07225
2023-03-15T00:00:00Z,1.07266
2023-03-16T00:00:00Z,1.05814
2023-03-17T00:00:00Z,1.06133
2023-03-18T00:00:00Z,1.0778
2023-03-19T00:00:00Z,1.0774
2023-03-20T00:00:00Z,1.06804
2023-03-21T00:00:00Z,1.07183
2023-03-22T00:00:00Z,1.07723
2023-03-23T00:00:00Z,1.08687
2023-03-24T00:00:00Z,1.08342
2023-03-25T00:00:00Z,1.0779
2023-03-26T00:00:00Z,1.0781
2023-03-27T00:00:00Z,1.07775
2023-03-28T00:00:00Z,1.08064
2023-03-29T00:00:00Z,1.08385
2023-03-30T00:00:00Z,1.08424
2023-03-31T00:00:00Z,1.09043
2023-04-01T00:00:00Z,1.0869
2023-04-03T00:00:00Z,1.08022
2023-04-04T00:00:00Z,1.09065
2023-04-05T00:00:00Z,1.09574
2023-04-06T00:00:00Z,1.09027
2023-04-07T00:00:00Z,1.09195
2023-04-08T00:00:00Z,1.0994
2023-04-09T00:00:00Z,1.0993
2023-04-10T00:00:00Z,1.09127
2023-04-11T00:00:00Z,1.0869
2023-04-12T00:00:00Z,1.0916
2023-04-13T00:00:00Z,1.09969
2023-04-14T00:00:00Z,1.10518
2023-04-15T00:00:00Z,1.1102
2023-04-16T00:00:00Z,1.1101
2023-04-17T00:00:00Z,1.09842
2023-04-18T00:00:00Z,1.09245
2023-04-19T00:00:00Z,1.09748
2023-04-20T00:00:00Z,1.09515
2023-04-21T00:00:00Z,1.09677
2023-04-22T00:00:00Z,1.1095
2023-04-24T00:00:00Z,1.09915
2023-04-25T00:00:00Z,1.1055
2023-04-26T00:00:00Z,1.09781
2023-04-27T00:00:00Z,1.1045
2023-04-28T00:00:00Z,1.10313
2023-04-29T00:00:00Z,1.1127
2023-04-30T00:00:00Z,1.1126
2023-05-01T00:00:00Z,1.10104
2023-05-02T00:00:00Z,1.0969
2023-05-03T00:00:00Z,1.10104
2023-05-04T00:00:00Z,1.10684
2023-05-05T00:00:00Z,1.10228
2023-05-06T00:00:00Z,1.1209
2023-05-08T00:00:00Z,1.10179
2023-05-09T00:00:00Z,1.0996
2023-05-10T00:00:00Z,1.09646
2023-05-11T00:00:00Z,1.09828
2023-05-12T00:00:00Z,1.09119
2023-05-13T00:00:00Z,1.0937
2023-05-14T00:00:00Z,1.0936
2023-05-15T00:00:00Z,1.08526
2023-05-16T00:00:00Z,1.0872
2023-05-17T00:00:00Z,1.0865
2023-05-18T00:00:00Z,1.08379
2023-05-19T00:00:00Z,1.0775
2023-05-20T00:00:00Z,1.0821
2023-05-21T00:00:00Z,1.0816
2023-05-22T00:00:00Z,1.0822
2023-05-23T00:00:00Z,1.08108
2023-05-24T00:00:00Z,1.0769
2023-05-25T00:00:00Z,1.07555
2023-05-26T00:00:00Z,1.07233
2023-05-27T00:00:00Z,1.0729
2023-05-29T00:00:00Z,1.0721
2023-05-30T00:00:00Z,1.07065
2023-05-31T00:00:00Z,1.073
2023-06-01T00:00:00Z,1.06932
2023-06-02T00:00:00Z,1.07602
2023-06-03T00:00:00Z,1.0724
2023-06-04T00:00:00Z,1.0723
2023-06-05T00:00:00Z,1.06966
2023-06-06T00:00:00Z,1.07112
2023-06-07T00:00:00Z,1.0697
2023-06-08T00:00:00Z,1.0706
2023-06-09T00:00:00Z,1.07819
2023-06-10T00:00:00Z,1.0762
2023-06-11T00:00:00Z,1.0752
2023-06-12T00:00:00Z,1.07497
2023-06-13T00:00:00Z,1.0761
2023-06-14T00:00:00Z,1.07893
2023-06-15T00:00:00Z,1.0842
2023-06-16T00:00:00Z,1.09454
2023-06-17T00:00:00Z,1.0964
2023-06-19T00:00:00Z,1.0942
2023-06-20T00:00:00Z,1.09236
2023-06-21T00:00:00Z,1.09199
2023-06-22T00:00:00Z,1.09916
2023-06-23T00:00:00Z,1.09551
2023-06-24T00:00:00Z,1.0933
2023-06-25T00:00:00Z,1.0932
2023-06-26T00:00:00Z,1.09059
2023-06-27T00:00:00Z,1.09097
2023-06-28T00:00:00Z,1.09575
2023-06-29T00:00:00Z,1.09151
2023-06-30T00:00:00Z,1.08674
2023-07-01T00:00:00Z,1.092
2023-07-03T00:00:00Z,1.0906
2023-07-04T00:00:00Z,1.09125
2023-07-05T00:00:00Z,1.08822
2023-07-06T00:00:00Z,1.08548
2023-07-07T00:00:00Z,1.08896
2023-07-08T00:00:00Z,1.0975
2023-07-09T00:00:00Z,1.0969
2023-07-10T00:00:00Z,1.0968
2023-07-11T00:00:00Z,1.1004
2023-07-12T00:00:00Z,1.10134
2023-07-13T00:00:00Z,1.11405
2023-07-14T00:00:00Z,1.12235
2023-07-15T00:00:00Z,1.1246
2023-07-16T00:00:00Z,1.1235
2023-07-17T00:00:00Z,1.12272
2023-07-18T00:00:00Z,1.12373
2023-07-19T00:00:00Z,1.12282
2023-07-20T00:00:00Z,1.12048
2023-07-21T00:00:00Z,1.11343
2023-07-22T00:00:00Z,1.1132
2023-07-23T00:00:00Z,1.1127
2023-07-24T00:00:00Z,1.1124
2023-07-25T00:00:00Z,1.1063
2023-07-26T00:00:00Z,1.10498
2023-07-27T00:00:00Z,1.10777
2023-07-28T00:00:00Z,1.09779
2023-07-29T00:00:00Z,1.1035
2023-07-31T00:00:00Z,1.10235
2023-08-01T00:00:00Z,1.09964
2023-08-02T00:00:00Z,1.10073
2023-08-03T00:00:00Z,1.09433
2023-08-04T00:00:00Z,1.09506
2023-08-05T00:00:00Z,1.1025
2023-08-07T00:00:00Z,1.10023
2023-08-08T00:00:00Z,1.10025
2023-08-09T00:00:00Z,1.0959
2023-08-10T00:00:00Z,1.0976
2023-08-11T00:00:00Z,1.09816
2023-08-12T00:00:00Z,1.0963
2023-08-14T00:00:00Z,1.09429
2023-08-15T00:00:00Z,1.09075
2023-08-16T00:00:00Z,1.09034
2023-08-17T00:00:00Z,1.08742
2023-08-18T00:00:00Z,1.08741
2023-08-19T00:00:00Z,1.089
2023-08-21T00:00:00Z,1.08747
2023-08-22T00:00:00Z,1.08973
2023-08-23T00:00:00Z,1.0845
2023-08-24T00:00:00Z,1.0864
2023-08-25T00:00:00Z,1.07985
2023-08-26T00:00:00Z,1.0794
2023-08-28T00:00:00Z,1.07966
2023-08-29T00:00:00Z,1.08256
2023-08-30T00:00:00Z,1.08692
2023-08-31T00:00:00Z,1.09292
2023-09-01T00:00:00Z,1.0842
2023-09-02T00:00:00Z,1.0796
2023-09-04T00:00:00Z,1.0796
2023-09-05T00:00:00Z,1.07909
2023-09-06T00:00:00Z,1.0723
2023-09-07T00:00:00Z,1.07238
2023-09-08T00:00:00Z,1.0695
2023-09-09T00:00:00Z,1.0712
2023-09-11T00:00:00Z,1.0716
2023-09-12T00:00:00Z,1.07475
2023-09-13T00:00:00Z,1.07529
2023-09-14T00:00:00Z,1.07328
2023-09-15T00:00:00Z,1.06346
2023-09-16T00:00:00Z,1.0672
2023-09-18T00:00:00Z,1.06677
2023-09-19T00:00:00Z,1.0691
2023-09-20T00:00:00Z,1.0682
2023-09-21T00:00:00Z,1.06497
2023-09-22T00:00:00Z,1.06601
2023-09-23T00:00:00Z,1.0671
2023-09-25T00:00:00Z,1.0648
2023-09-26T00:00:00Z,1.0591
2023-09-27T00:00:00Z,1.05691
2023-09-28T00:00:00Z,1.05053
2023-09-29T00:00:00Z,1.05618
2023-09-30T00:00:00Z,1.0585
2023-10-02T00:00:00Z,1.05636
2023-10-03T00:00:00Z,1.04798
2023-10-04T00:00:00Z,1.0468
2023-10-05T00:00:00Z,1.05068
2023-10-06T00:00:00Z,1.0545
2023-10-07T00:00:00Z,1.06
2023-10-09T00:00:00Z,1.05659
2023-10-10T00:00:00Z,1.05783
2023-10-11T00:00:00Z,1.06043
2023-10-12T00:00:00Z,1.06235
2023-10-13T00:00:00Z,1.05354
2023-10-14T00:00:00Z,1.0511
2023-10-16T00:00:00Z,1.05217
2023-10-17T00:00:00Z,1.05539
2023-10-18T00:00:00Z,1.05728
2023-10-19T00:00:00Z,1.05376
2023-10-20T00:00:00Z,1.05862
2023-10-21T00:00:00Z,1.0603
2023-10-23T00:00:00Z,1.0588
2023-10-24T00:00:00Z,1.0668
2023-10-25T00:00:00Z,1.0594
2023-10-26T00:00:00Z,1.05662
2023-10-27T00:00:00Z,1.05638
2023-10-28T00:00:00Z,1.0578
2023-10-30T00:00:00Z,1.05616
2023-10-31T00:00:00Z,1.06135
2023-11-01T00:00:00Z,1.0577
2023-11-02T00:00:00Z,1.05863
2023-11-03T00:00:00Z,1.06156
2023-11-04T00:00:00Z,1.0735
2023-11-06T00:00:00Z,1.07311
2023-11-07T00:00:00Z,1.0717
2023-11-08T00:00:00Z,1.06957
2023-11-09T00:00:00Z,1.0711
2023-11-10T00:00:00Z,1.06667
2023-11-11T00:00:00Z,1.0714
2023-11-13T00:00:00Z,1.06903
2023-11-14T00:00:00Z,1.0701
2023-11-15T00:00:00Z,1.0876
2023-11-16T00:00:00Z,1.08539
2023-11-17T00:00:00Z,1.08531
2023-11-18T00:00:00Z,1.0916
2023-11-20T00:00:00Z,1.09053
2023-11-21T00:00:00Z,1.0944
2023-11-22T00:00:00Z,1.09166
2023-11-23T00:00:00Z,1.08878
2023-11-24T00:00:00Z,1.0902
2023-11-25T00:00:00Z,1.0948
2023-11-27T00:00:00Z,1.09394
2023-11-28T00:00:00Z,1.0959
2023-11-29T00:00:00Z,1.10041
2023-11-30T00:00:00Z,1.0973
2023-12-01T00:00:00Z,1.08915
2023-12-02T00:00:00Z,1.0891
2023-12-04T00:00:00Z,1.08855
2023-12-05T00:00:00Z,1.08374
2023-12-06T00:00:00Z,1.07933
2023-12-07T00:00:00Z,1.07663
2023-12-08T00:00:00Z,1.07892
2023-12-09T00:00:00Z,1.0772
2023-12-11T00:00:00Z,1.07647
2023-12-12T00:00:00Z,1.07649
2023-12-13T00:00:00Z,1.0798
2023-12-14T00:00:00Z,1.08827
2023-12-15T00:00:00Z,1.09933
2023-12-16T00:00:00Z,1.0907
2023-12-18T00:00:00Z,1.08946
2023-12-19T00:00:00Z,1.09227
2023-12-20T00:00:00Z,1.09791
2023-12-21T00:00:00Z,1.0944
2023-12-22T00:00:00Z,1.10056
2023-12-23T00:00:00Z,1.1026
2023-12-25T00:00:00Z,1.10118
2023-12-26T00:00:00Z,1.10183
2023-12-27T00:00:00Z,1.1042
2023-12-28T00:00:00Z,1.1107
2023-12-29T00:00:00Z,1.10674
2023-12-30T00:00:00Z,1.1036
2024-01-01T00:00:00Z,1.10353
2024-01-02T00:00:00Z,1.1037
2024-01-03T00:00:00Z,1.09415
2024-01-04T00:00:00Z,1.0926
2024-01-05T00:00:00Z,1.0946
2024-01-06T00:00:00Z,1.0938
2024-01-08T00:00:00Z,1.09411
2024-01-09T00:00:00Z,1.0949
2024-01-10T00:00:00Z,1.09313
2024-01-11T00:00:00Z,1.0974
2024-01-12T00:00:00Z,1.09824
2024-01-13T00:00:00Z,1.0941
2024-01-15T00:00:00Z,1.09448
2024-01-16T00:00:00Z,1.09446
2024-01-17T00:00:00Z,1.08785
2024-01-18T00:00:00Z,1.08859
2024-01-19T00:00:00Z,1.0881
2024-01-20T00:00:00Z,1.08944
2024-01-22T00:00:00Z,1.08915
2024-01-23T00:00:00Z,1.08774
2024-01-24T00:00:00Z,1.08572
2024-01-25T00:00:00Z,1.08811
2024-01-26T00:00:00Z,1.08453
2024-01-27T00:00:00Z,1.08416
2024-01-29T00:00:00Z,1.08418
2024-01-30T00:00:00Z,1.08335
2024-01-31T00:00:00Z,1.0842
2024-02-01T00:00:00Z,1.08037
2024-02-02T00:00:00Z,1.0874
2024-02-03T00:00:00Z,1.0786
2024-02-05T00:00:00Z,1.07792
2024-02-06T00:00:00Z,1.07408
2024-02-07T00:00:00Z,1.07568
2024-02-08T00:00:00Z,1.07755
2024-02-09T00:00:00Z,1.07776
2024-02-10T00:00:00Z,1.0782
2024-02-12T00:00:00Z,1.07977
2024-02-13T00:00:00Z,1.07713
2024-02-14T00:00:00Z,1.0707
2024-02-15T00:00:00Z,1.0732
2024-02-16T00:00:00Z,1.07725
2024-02-17T00:00:00Z,1.07724
2024-02-19T00:00:00Z,1.07837
2024-02-20T00:00:00Z,1.07755
2024-02-21T00:00:00Z,1.08098
2024-02-22T00:00:00Z,1.08203
2024-02-23T00:00:00Z,1.08255
2024-02-24T00:00:00Z,1.0821
2024-02-26T00:00:00Z,1.08188
2024-02-27T00:00:00Z,1.08503
2024-02-28T00:00:00Z,1.08411
2024-02-29T00:00:00Z,1.08383
2024-03-01T00:00:00Z,1.08056
2024-03-02T00:00:00Z,1.0839
2024-03-04T00:00:00Z,1.08414
2024-03-05T00:00:00Z,1.08536
2024-03-06T00:00:00Z,1.08552
2024-03-07T00:00:00Z,1.08991
2024-03-08T00:00:00Z,1.09506
2024-03-09T00:00:00Z,1.0939
2024-03-11T00:00:00Z,1.09424
2024-03-12T00:00:00Z,1.09305
2024-03-13T00:00:00Z,1.09267
2024-03-14T00:00:00Z,1.09527
2024-03-15T00:00:00Z,1.0882
2024-03-16T00:00:00Z,1.0889
2024-03-18T00:00:00Z,1.08832
2024-03-19T00:00:00Z,1.0873
2024-03-20T00:00:00Z,1.0861
2024-03-21T00:00:00Z,1.0937
2024-03-22T00:00:00Z,1.08618
2024-03-23T00:00:00Z,1.0861
2024-03-25T00:00:00Z,1.0807
2024-03-26T00:00:00Z,1.08369
2024-03-27T00:00:00Z,1.08324
2024-03-28T00:00:00Z,1.08125
2024-03-29T00:00:00Z,1.07906
2024-03-30T00:00:00Z,1.0799
2024-04-01T00:00:00Z,1.07929
2024-04-02T00:00:00Z,1.07372
2024-04-03T00:00:00Z,1.07677
2024-04-04T00:00:00Z,1.08378
2024-04-05T00:00:00Z,1.08363
2024-04-06T00:00:00Z,1.0848
2024-04-08T00:00:00Z,1.08297
2024-04-09T00:00:00Z,1.0862
2024-04-10T00:00:00Z,1.08585
2024-04-11T00:00:00Z,1.0741
2024-04-12T00:00:00Z,1.07258
2024-04-13T00:00:00Z,1.067
2024-04-15T00:00:00Z,1.0645
2024-04-16T00:00:00Z,1.06244
2024-04-17T00:00:00Z,1.06208
2024-04-18T00:00:00Z,1.06687
2024-04-19T00:00:00Z,1.06422
2024-04-20T00:00:00Z,1.0669
2024-04-22T00:00:00Z,1.06573
2024-04-23T00:00:00Z,1.06537
2024-04-24T00:00:00Z,1.07022
2024-04-25T00:00:00Z,1.06996
2024-04-26T00:00:00Z,1.07265
2024-04-27T00:00:00Z,1.07
2024-04-29T00:00:00Z,1.07067
2024-04-30T00:00:00Z,1.07145
2024-05-01T00:00:00Z,1.06657
2024-05-02T00:00:00Z,1.07175
2024-05-03T00:00:00Z,1.0729
2024-05-04T00:00:00Z,1.07599
2024-05-06T00:00:00Z,1.07581
2024-05-07T00:00:00Z,1.0769
2024-05-08T00:00:00Z,1.07498
2024-05-09T00:00:00Z,1.07465
2024-05-10T00:00:00Z,1.07817
2024-05-11T00:00:00Z,1.0771
2024-05-13T00:00:00Z,1.0769
2024-05-14T00:00:00Z,1.07918
2024-05-15T00:00:00Z,1.08138
2024-05-16T00:00:00Z,1.0888
2024-05-17T00:00:00Z,1.08676
2024-05-18T00:00:00Z,1.08625
2024-05-20T00:00:00Z,1.08722
2024-05-21T00:00:00Z,1.086
2024-05-22T00:00:00Z,1.08538
2024-05-23T00:00:00Z,1.08249
2024-05-24T00:00:00Z,1.08115
2024-05-25T00:00:00Z,1.0843
2024-05-27T00:00:00Z,1.0847
2024-05-28T00:00:00Z,1.08612
2024-05-29T00:00:00Z,1.08509
2024-05-30T00:00:00Z,1.0801
2024-05-31T00:00:00Z,1.0831
2024-06-01T00:00:00Z,1.08301
2024-06-03T00:00:00Z,1.08524
2024-06-04T00:00:00Z,1.09071
2024-06-05T00:00:00Z,1.08814
2024-06-06T00:00:00Z,1.08737
2024-06-07T00:00:00Z,1.0891
2024-06-08T00:00:00Z,1.0816
2024-06-10T00:00:00Z,1.0778
2024-06-11T00:00:00Z,1.07632
2024-06-12T00:00:00Z,1.07398
2024-06-13T00:00:00Z,1.08126
2024-06-14T00:00:00Z,1.07375
2024-06-15T00:00:00Z,1.0703
2024-06-17T00:00:00Z,1.07025
2024-06-18T00:00:00Z,1.07399
2024-06-19T00:00:00Z,1.07386
2024-06-20T00:00:00Z,1.0747
2024-06-21T00:00:00Z,1.07058
2024-06-22T00:00:00Z,1.0692
2024-06-24T00:00:00Z,1.06876
2024-06-25T00:00:00Z,1.0732
2024-06-26T00:00:00Z,1.07091
2024-06-27T00:00:00Z,1.0679
2024-06-28T00:00:00Z,1.07075
2024-06-29T00:00:00Z,1.0713
2024-07-01T00:00:00Z,1.07348
2024-07-02T00:00:00Z,1.07363
2024-07-03T00:00:00Z,1.07479
2024-07-04T00:00:00Z,1.07907
2024-07-05T00:00:00Z,1.08104
2024-07-06T00:00:00Z,1.0838
2024-07-08T00:00:00Z,1.08256
2024-07-09T00:00:00Z,1.08302
2024-07-10T00:00:00Z,1.08142
2024-07-11T00:00:00Z,1.08331
2024-07-12T00:00:00Z,1.08737
2024-07-13T00:00:00Z,1.0906
2024-07-15T00:00:00Z,1.08856
2024-07-16T00:00:00Z,1.08979
2024-07-17T00:00:00Z,1.09002
2024-07-18T00:00:00Z,1.09395
2024-07-19T00:00:00Z,1.09001
2024-07-20T00:00:00Z,1.0882
2024-07-22T00:00:00Z,1.08986
2024-07-23T00:00:00Z,1.08887
2024-07-24T00:00:00Z,1.08495
2024-07-25T00:00:00Z,1.0838
2024-07-26T00:00:00Z,1.08512
2024-07-27T00:00:00Z,1.0856
2024-07-29T00:00:00Z,1.08526
2024-07-30T00:00:00Z,1.08189
2024-07-31T00:00:00Z,1.08156
2024-08-01T00:00:00Z,1.08237
2024-08-02T00:00:00Z,1.07863
2024-08-03T00:00:00Z,1.0909
2024-08-05T00:00:00Z,1.09101
2024-08-06T00:00:00Z,1.09503
2024-08-07T00:00:00Z,1.09252
2024-08-08T00:00:00Z,1.09272
2024-08-09T00:00:00Z,1.09148
2024-08-10T00:00:00Z,1.0915
2024-08-12T00:00:00Z,1.09123
2024-08-13T00:00:00Z,1.09355
2024-08-14T00:00:00Z,1.09954
2024-08-15T00:00:00Z,1.10114
2024-08-16T00:00:00Z,1.09722
2024-08-17T00:00:00Z,1.1027
2024-08-19T00:00:00Z,1.10244
2024-08-20T00:00:00Z,1.10854
2024-08-21T00:00:00Z,1.1127
2024-08-22T00:00:00Z,1.11548
2024-08-23T00:00:00Z,1.11157
2024-08-24T00:00:00Z,1.11913
2024-08-26T00:00:00Z,1.1187
2024-08-27T00:00:00Z,1.1166
2024-08-28T00:00:00Z,1.11767
2024-08-29T00:00:00Z,1.11243
2024-08-30T00:00:00Z,1.108
2024-08-31T00:00:00Z,1.10455
2024-09-02T00:00:00Z,1.10444
2024-09-03T00:00:00Z,1.10669
2024-09-04T00:00:00Z,1.10483
2024-09-05T00:00:00Z,1.10794
2024-09-06T00:00:00Z,1.11108
2024-09-07T00:00:00Z,1.10803
2024-09-09T00:00:00Z,1.1087
2024-09-10T00:00:00Z,1.1035
2024-09-11T00:00:00Z,1.10197
2024-09-12T00:00:00Z,1.10102
2024-09-13T00:00:00Z,1.1077
2024-09-14T00:00:00Z,1.1073
2024-09-16T00:00:00Z,1.1087
2024-09-17T00:00:00Z,1.11292
2024-09-18T00:00:00Z,1.1123
2024-09-19T00:00:00Z,1.11137
2024-09-20T00:00:00Z,1.11593
2024-09-21T00:00:00Z,1.1163
2024-09-23T00:00:00Z,1.11588
2024-09-24T00:00:00Z,1.1109
2024-09-25T00:00:00Z,1.1191
2024-09-26T00:00:00Z,1.11296
2024-09-27T00:00:00Z,1.11768
2024-09-28T00:00:00Z,1.1164
2024-09-30T00:00:00Z,1.1168
2024-10-01T00:00:00Z,1.11365
2024-10-02T00:00:00Z,1.10643
2024-10-03T00:00:00Z,1.1045
2024-10-04T00:00:00Z,1.10349
2024-10-05T00:00:00Z,1.0975
2024-10-07T00:00:00Z,1.0971
2024-10-08T00:00:00Z,1.09741
2024-10-09T00:00:00Z,1.09752
2024-10-10T00:00:00Z,1.09416
2024-10-11T00:00:00Z,1.09334
2024-10-12T00:00:00Z,1.0937
2024-10-14T00:00:00Z,1.0943
2024-10-15T00:00:00Z,1.0908
2024-10-16T00:00:00Z,1.08828
2024-10-17T00:00:00Z,1.08586
2024-10-18T00:00:00Z,1.08286
2024-10-19T00:00:00Z,1.0867
2024-10-21T00:00:00Z,1.0868
2024-10-22T00:00:00Z,1.08152
2024-10-23T00:00:00Z,1.07962
2024-10-24T00:00:00Z,1.07804
2024-10-25T00:00:00Z,1.08236
2024-10-26T00:00:00Z,1.0795
2024-10-28T00:00:00Z,1.07959
2024-10-29T00:00:00Z,1.08176
2024-10-30T00:00:00Z,1.08198
2024-10-31T00:00:00Z,1.08582
2024-11-01T00:00:00Z,1.0882
2024-11-02T00:00:00Z,1.08327
2024-11-04T00:00:00Z,1.08726
2024-11-05T00:00:00Z,1.08737
2024-11-06T00:00:00Z,1.09332
2024-11-07T00:00:00Z,1.073
2024-11-08T00:00:00Z,1.07953
2024-11-09T00:00:00Z,1.07182
2024-11-11T00:00:00Z,1.0713
2024-11-12T00:00:00Z,1.06628
2024-11-13T00:00:00Z,1.06165
2024-11-14T00:00:00Z,1.05658
2024-11-15T00:00:00Z,1.05295
2024-11-16T00:00:00Z,1.0539
2024-11-18T00:00:00Z,1.05362
2024-11-19T00:00:00Z,1.05945
2024-11-20T00:00:00Z,1.06068
2024-11-21T00:00:00Z,1.0546
2024-11-22T00:00:00Z,1.0469
2024-11-23T00:00:00Z,1.0425
2024-11-26T00:00:00Z,1.04436
2024-11-27T00:00:00Z,1.04917
2024-11-28T00:00:00Z,1.0562
2024-11-29T00:00:00Z,1.056
2024-11-30T00:00:00Z,1.0576
2024-12-02T00:00:00Z,1.05432
2024-12-03T00:00:00Z,1.05009
2024-12-04T00:00:00Z,1.0508
2024-12-05T00:00:00Z,1.05118
2024-12-06T00:00:00Z,1.05861
2024-12-07T00:00:00Z,1.05659
2024-12-09T00:00:00Z,1.05654
2024-12-10T00:00:00Z,1.05539
2024-12-11T00:00:00Z,1.0531
2024-12-12T00:00:00Z,1.05055
2024-12-13T00:00:00Z,1.04731
2024-12-14T00:00:00Z,1.0501
2024-12-16T00:00:00Z,1.05094
2024-12-17T00:00:00Z,1.0515
2024-12-18T00:00:00Z,1.04946
2024-12-19T00:00:00Z,1.03502
2024-12-20T00:00:00Z,1.03645
2024-12-21T00:00:00Z,1.0428
2024-12-23T00:00:00Z,1.04335
2024-12-24T00:00:00Z,1.04041
2024-12-25T00:00:00Z,1.0403
2024-12-26T00:00:00Z,1.03985
2024-12-27T00:00:00Z,1.04211
2024-12-28T00:00:00Z,1.04219
2024-12-30T00:00:00Z,1.04291
2024-12-31T00:00:00Z,1.04055
2025-01-01T00:00:00Z,1.03496
2025-01-02T00:00:00Z,1.03508
2025-01-03T00:00:00Z,1.02678
2025-01-04T00:00:00Z,1.0307
2025-01-06T00:00:00Z,1.0305
2025-01-07T00:00:00Z,1.03832
2025-01-08T00:00:00Z,1.03415
2025-01-09T00:00:00Z,1.03132
2025-01-10T00:00:00Z,1.02964
2025-01-11T00:00:00Z,1.01405
2025-01-13T00:00:00Z,1.02428
2025-01-14T00:00:00Z,1.0264
2025-01-15T00:00:00Z,1.0306
2025-01-16T00:00:00Z,1.02947
2025-01-17T00:00:00Z,1.03014
2025-01-18T00:00:00Z,1.01216
2025-01-20T00:00:00Z,1.02802
2025-01-21T00:00:00Z,1.04208
2025-01-22T00:00:00Z,1.04052
2025-01-23T00:00:00Z,1.04076
2025-01-24T00:00:00Z,1.04157
2025-01-25T00:00:00Z,1.03305
2025-01-27T00:00:00Z,1.04672
2025-01-28T00:00:00Z,1.04367
2025-01-29T00:00:00Z,1.04272
2025-01-30T00:00:00Z,1.04239
2025-01-31T00:00:00Z,1.03963
2025-02-01T00:00:00Z,1.0356
2025-02-03T00:00:00Z,1.02466
2025-02-04T00:00:00Z,1.03275
2025-02-05T00:00:00Z,1.0371
2025-02-06T00:00:00Z,1.03981
2025-02-07T00:00:00Z,1.03849
2025-02-08T00:00:00Z,1.0328
2025-02-10T00:00:00Z,1.03093
2025-02-11T00:00:00Z,1.03003
2025-02-12T00:00:00Z,1.0363
2025-02-13T00:00:00Z,1.0392
2025-02-14T00:00:00Z,1.04613
2025-02-15T00:00:00Z,1.04897
2025-02-17T00:00:00Z,1.0488
2025-02-18T00:00:00Z,1.0484
2025-02-19T00:00:00Z,1.04477
2025-02-20T00:00:00Z,1.04202
2025-02-21T00:00:00Z,1.05001
2025-02-22T00:00:00Z,1.04575
2025-02-24T00:00:00Z,1.04736
2025-02-25T00:00:00Z,1.04606
2025-02-26T00:00:00Z,1.052
2025-02-27T00:00:00Z,1.04874
2025-02-28T00:00:00Z,1.0393
2025-03-01T00:00:00Z,1.0374
2025-03-03T00:00:00Z,1.04117
2025-03-04T00:00:00Z,1.04851
2025-03-05T00:00:00Z,1.0623
2025-03-06T00:00:00Z,1.07937
2025-03-07T00:00:00Z,1.07869
2025-03-08T00:00:00Z,1.08264
2025-03-10T00:00:00Z,1.08596
2025-03-11T00:00:00Z,1.0839
2025-03-12T00:00:00Z,1.09138
2025-03-13T00:00:00Z,1.08851
2025-03-14T00:00:00Z,1.08545
2025-03-15T00:00:00Z,1.0877
2025-03-17T00:00:00Z,1.08791
2025-03-18T00:00:00Z,1.09178
2025-03-19T00:00:00Z,1.09383
2025-03-20T00:00:00Z,1.09114
2025-03-21T00:00:00Z,1.08528
2025-03-22T00:00:00Z,1.082
2025-03-24T00:00:00Z,1.08356
2025-03-25T00:00:00Z,1.0802
2025-03-26T00:00:00Z,1.07886
2025-03-27T00:00:00Z,1.07406
2025-03-28T00:00:00Z,1.08005
2025-03-29T00:00:00Z,1.08212
2025-03-31T00:00:00Z,1.08231
2025-04-01T00:00:00Z,1.08171
2025-04-02T00:00:00Z,1.0795
2025-04-03T00:00:00Z,1.0905
2025-04-04T00:00:00Z,1.1045
2025-04-05T00:00:00Z,1.09544
2025-04-07T00:00:00Z,1.09827
2025-04-08T00:00:00Z,1.09142
2025-04-09T00:00:00Z,1.09768
2025-04-10T00:00:00Z,1.09503
2025-04-11T00:00:00Z,1.12571
2025-04-12T00:00:00Z,1.13492
2025-04-14T00:00:00Z,1.13419
2025-04-15T00:00:00Z,1.13356
2025-04-16T00:00:00Z,1.12933
2025-04-17T00:00:00Z,1.1395
2025-04-18T00:00:00Z,1.13719
2025-04-21T00:00:00Z,1.14485
2025-04-22T00:00:00Z,1.15134
2025-04-23T00:00:00Z,1.13501
2025-04-24T00:00:00Z,1.13287
2025-04-25T00:00:00Z,1.13724
2025-04-26T00:00:00Z,1.1363
2025-04-28T00:00:00Z,1.13444
2025-04-29T00:00:00Z,1.1407
2025-04-30T00:00:00Z,1.13898
2025-05-01T00:00:00Z,1.13215
2025-05-02T00:00:00Z,1.12954
2025-05-03T00:00:00Z,1.1298
2025-05-05T00:00:00Z,1.13205
2025-05-06T00:00:00Z,1.13119
2025-05-07T00:00:00Z,1.13396
2025-05-08T00:00:00Z,1.13026
2025-05-09T00:00:00Z,1.12264
2025-05-10T00:00:00Z,1.12439
2025-05-12T00:00:00Z,1.12275
2025-05-13T00:00:00Z,1.10955
2025-05-14T00:00:00Z,1.11853
2025-05-15T00:00:00Z,1.11809
2025-05-16T00:00:00Z,1.11916
2025-05-17T00:00:00Z,1.11565
2025-05-19T00:00:00Z,1.11883
2025-05-20T00:00:00Z,1.12321
2025-05-21T00:00:00Z,1.1288
2025-05-22T00:00:00Z,1.13317
2025-05-23T00:00:00Z,1.12814
2025-05-24T00:00:00Z,1.13613
2025-05-26T00:00:00Z,1.13741
2025-05-27T00:00:00Z,1.1388
2025-05-28T00:00:00Z,1.1337
2025-05-29T00:00:00Z,1.12292
2025-05-30T00:00:00Z,1.13763
2025-05-31T00:00:00Z,1.13445
2025-06-02T00:00:00Z,1.13525
2025-06-03T00:00:00Z,1.14526
2025-06-04T00:00:00Z,1.13837
2025-06-05T00:00:00Z,1.14204
2025-06-06T00:00:00Z,1.1453
2025-06-07T00:00:00Z,1.13913
2025-06-09T00:00:00Z,1.14058
2025-06-10T00:00:00Z,1.14263
2025-06-11T00:00:00Z,1.14373
2025-06-12T00:00:00Z,1.15097
2025-06-13T00:00:00Z,1.16088
2025-06-14T00:00:00Z,1.15418
2025-06-16T00:00:00Z,1.155
2025-06-17T00:00:00Z,1.15535
2025-06-18T00:00:00Z,1.14818
2025-06-19T00:00:00Z,1.1476
2025-06-20T00:00:00Z,1.15116
2025-06-21T00:00:00Z,1.15202
2025-06-23T00:00:00Z,1.14989
2025-06-24T00:00:00Z,1.1598
2025-06-25T00:00:00Z,1.16118
2025-06-26T00:00:00Z,1.16832
2025-06-27T00:00:00Z,1.16924
2025-06-28T00:00:00Z,1.172
2025-06-30T00:00:00Z,1.17261
2025-07-01T00:00:00Z,1.1786
2025-07-02T00:00:00Z,1.18052
2025-07-03T00:00:00Z,1.17982
2025-07-04T00:00:00Z,1.17704
2025-07-05T00:00:00Z,1.1771
2025-07-07T00:00:00Z,1.17798
2025-07-08T00:00:00Z,1.17362
2025-07-09T00:00:00Z,1.1723
2025-07-10T00:00:00Z,1.1739
2025-07-11T00:00:00Z,1.17015
2025-07-12T00:00:00Z,1.1688
2025-07-14T00:00:00Z,1.1682
2025-07-15T00:00:00Z,1.1665
2025-07-16T00:00:00Z,1.1607
2025-07-17T00:00:00Z,1.16351
2025-07-18T00:00:00Z,1.16147
2025-07-19T00:00:00Z,1.1625
2025-07-21T00:00:00Z,1.16291
2025-07-22T00:00:00Z,1.16945
2025-07-23T00:00:00Z,1.17377
2025-07-24T00:00:00Z,1.17731
2025-07-25T00:00:00Z,1.17542
2025-07-26T00:00:00Z,1.1741
2025-07-28T00:00:00Z,1.17549
2025-07-29T00:00:00Z,1.15961
2025-07-30T00:00:00Z,1.15505
2025-07-31T00:00:00Z,1.14276
2025-08-01T00:00:00Z,1.14213
2025-08-02T00:00:00Z,1.15842
2025-08-04T00:00:00Z,1.15874
2025-08-05T00:00:00Z,1.1584
2025-08-06T00:00:00Z,1.1578
2025-08-07T00:00:00Z,1.16627
2025-08-08T00:00:00Z,1.1675
2025-08-09T00:00:00Z,1.1641
2025-08-11T00:00:00Z,1.16471
2025-08-12T00:00:00Z,1.16159
2025-08-13T00:00:00Z,1.16772
2025-08-14T00:00:00Z,1.17116
2025-08-15T00:00:00Z,1.165
2025-08-16T00:00:00Z,1.1698
2025-08-18T00:00:00Z,1.1706
2025-08-19T00:00:00Z,1.16677
2025-08-20T00:00:00Z,1.16411
2025-08-21T00:00:00Z,1.16508
2025-08-22T00:00:00Z,1.1612
2025-08-23T00:00:00Z,1.1718
2025-08-25T00:00:00Z,1.17077
2025-08-26T00:00:00Z,1.16143
2025-08-27T00:00:00Z,1.16366
2025-08-28T00:00:00Z,1.16471
2025-08-29T00:00:00Z,1.16781
2025-08-30T00:00:00Z,1.1684
2025-09-01T00:00:00Z,1.169
2025-09-02T00:00:00Z,1.17146
2025-09-03T00:00:00Z,1.16324
2025-09-04T00:00:00Z,1.16607
2025-09-05T00:00:00Z,1.16564
2025-09-06T00:00:00Z,1.17139
2025-09-08T00:00:00Z,1.1712
2025-09-09T00:00:00Z,1.17683
2025-09-10T00:00:00Z,1.17021
2025-09-11T00:00:00Z,1.17021
2025-09-12T00:00:00Z,1.17329
2025-09-13T00:00:00Z,1.1732
2025-09-15T00:00:00Z,1.17253
2025-09-16T00:00:00Z,1.17627
2025-09-17T00:00:00Z,1.18707
2025-09-18T00:00:00Z,1.18249
2025-09-19T00:00:00Z,1.17888
2025-09-20T00:00:00Z,1.1745
2025-09-22T00:00:00Z,1.17361
2025-09-23T00:00:00Z,1.18003
2025-09-24T00:00:00Z,1.18151
2025-09-25T00:00:00Z,1.17418
2025-09-26T00:00:00Z,1.16614
2025-09-27T00:00:00Z,1.16969
2025-09-29T00:00:00Z,1.17046
2025-09-30T00:00:00Z,1.17303
2025-10-01T00:00:00Z,1.17342
2025-10-02T00:00:00Z,1.17325
2025-10-03T00:00:00Z,1.17242
2025-10-04T00:00:00Z,1.17409
2025-10-06T00:00:00Z,1.17113
2025-10-07T00:00:00Z,1.17091
2025-10-08T00:00:00Z,1.16527
2025-10-09T00:00:00Z,1.1629
2025-10-10T00:00:00Z,1.15651
2025-10-11T00:00:00Z,1.16141
2025-10-13T00:00:00Z,1.16014
2025-10-14T00:00:00Z,1.15656
2025-10-15T00:00:00Z,1.16029
2025-10-16T00:00:00Z,1.16456
2025-10-17T00:00:00Z,1.1698
2025-10-18T00:00:00Z,1.1649
2025-10-20T00:00:00Z,1.16576
2025-10-21T00:00:00Z,1.1644
2025-10-22T00:00:00Z,1.15992
2025-10-23T00:00:00Z,1.16069
2025-10-24T00:00:00Z,1.1617
2025-10-25T00:00:00Z,1.1629
2025-10-27T00:00:00Z,1.16308
2025-10-28T00:00:00Z,1.16505
2025-10-29T00:00:00Z,1.16569
2025-10-30T00:00:00Z,1.1602
2025-10-31T00:00:00Z,1.1571
2025-11-01T00:00:00Z,1.15328
2025-11-03T00:00:00Z,1.15269
2025-11-04T00:00:00Z,1.15183
2025-11-05T00:00:00Z,1.1485
2025-11-06T00:00:00Z,1.14955
2025-11-07T00:00:00Z,1.15482
2025-11-08T00:00:00Z,1.1563
2025-11-10T00:00:00Z,1.15429
2025-11-11T00:00:00Z,1.15564
2025-11-12T00:00:00Z,1.15864
2025-11-13T00:00:00Z,1.15912
2025-11-14T00:00:00Z,1.16295
2025-11-15T00:00:00Z,1.1619
2025-11-17T00:00:00Z,1.16141
2025-11-18T00:00:00Z,1.15896
2025-11-19T00:00:00Z,1.1581
2025-11-20T00:00:00Z,1.1538
2025-11-21T00:00:00Z,1.15332
2025-11-22T00:00:00Z,1.15095
2025-11-24T00:00:00Z,1.15069
2025-11-25T00:00:00Z,1.1519
2025-11-26T00:00:00Z,1.15644
2025-11-27T00:00:00Z,1.16017
2025-11-28T00:00:00Z,1.1598
2025-11-29T00:00:00Z,1.1596
2025-12-01T00:00:00Z,1.16006
2025-12-02T00:00:00Z,1.16062
2025-12-03T00:00:00Z,1.16279
2025-12-04T00:00:00Z,1.1666
2025-12-05T00:00:00Z,1.1643
2025-12-06T00:00:00Z,1.1644
2025-12-08T00:00:00Z,1.16401
2025-12-09T00:00:00Z,1.16403
2025-12-10T00:00:00Z,1.16276
2025-12-11T00:00:00Z,1.17011
2025-12-12T00:00:00Z,1.17405
2025-12-13T00:00:00Z,1.174
2025-12-15T00:00:00Z,1.17366
2025-12-16T00:00:00Z,1.1752
2025-12-17T00:00:00Z,1.17487
2025-12-18T00:00:00Z,1.17412
2025-12-19T00:00:00Z,1.17244
2025-12-20T00:00:00Z,1.17054
2025-12-22T00:00:00Z,1.17098
2025-12-23T00:00:00Z,1.17631
2025-12-24T00:00:00Z,1.1794
2025-12-25T00:00:00Z,1.1773
2025-12-26T00:00:00Z,1.17829
2025-12-27T00:00:00Z,1.1771
2025-12-29T00:00:00Z,1.17718
2025-12-30T00:00:00Z,1.1772
2025-12-31T00:00:00Z,1.17453
2026-01-01T00:00:00Z,1.1732
2026-01-02T00:00:00Z,1.17503
2026-01-03T00:00:00Z,1.17171
2026-01-05T00:00:00Z,1.17051
2026-01-06T00:00:00Z,1.17143
2026-01-07T00:00:00Z,1.16868
2026-01-08T00:00:00Z,1.16763
2026-01-09T00:00:00Z,1.16578
2026-01-10T00:00:00Z,1.1636
2026-01-12T00:00:00Z,1.16234
2026-01-13T00:00:00Z,1.16671
2026-01-14T00:00:00Z,1.16417
2026-01-15T00:00:00Z,1.16446
2026-01-16T00:00:00Z,1.16086
2026-01-17T00:00:00Z,1.1597
2026-01-19T00:00:00Z,1.16239
2026-01-20T00:00:00Z,1.16389
2026-01-21T00:00:00Z,1.17268
2026-01-22T00:00:00Z,1.16726
2026-01-23T00:00:00Z,1.17533
2026-01-24T00:00:00Z,1.1829
2026-01-26T00:00:00Z,1.18598
2026-01-27T00:00:00Z,1.18735
2026-01-28T00:00:00Z,1.20224
2026-01-29T00:00:00Z,1.19805
2026-01-30T00:00:00Z,1.1967
2026-01-31T00:00:00Z,1.1851
2026-02-02T00:00:00Z,1.18457
2026-02-03T00:00:00Z,1.17985
2026-02-04T00:00:00Z,1.18151
2026-02-05T00:00:00Z,1.1801
2026-02-06T00:00:00Z,1.17762
2026-02-07T00:00:00Z,1.18127
2026-02-09T00:00:00Z,1.18264
2026-02-10T00:00:00Z,1.19033
2026-02-11T00:00:00Z,1.1887
2026-02-12T00:00:00Z,1.18744
2026-02-13T00:00:00Z,1.18687
2026-02-14T00:00:00Z,1.1868
2026-02-16T00:00:00Z,1.18663
2026-02-17T00:00:00Z,1.18501
2026-02-18T00:00:00Z,1.18504
2026-02-19T00:00:00Z,1.17883
2026-02-20T00:00:00Z,1.1768
2026-02-21T00:00:00Z,1.1782
2026-02-23T00:00:00Z,1.18328
2026-02-24T00:00:00Z,1.17924
2026-02-25T00:00:00Z,1.17735
2026-02-26T00:00:00Z,1.18131
2026-02-27T00:00:00Z,1.18027
2026-02-28T00:00:00Z,1.1815
2026-03-02T00:00:00Z,1.17589
2026-03-03T00:00:00Z,1.16942
2026-03-04T00:00:00Z,1.16102
2026-03-05T00:00:00Z,1.16344
2026-03-06T00:00:00Z,1.16061
2026-03-07T00:00:00Z,1.16168
2026-03-09T00:00:00Z,1.1524
2026-03-10T00:00:00Z,1.16157
2026-03-11T00:00:00Z,1.16111
2026-03-12T00:00:00Z,1.15423
2026-03-13T00:00:00Z,1.15203
2026-03-14T00:00:00Z,1.14153
2026-03-16T00:00:00Z,1.14351
2026-03-17T00:00:00Z,1.1498
2026-03-18T00:00:00Z,1.15386
2026-03-19T00:00:00Z,1.14631
2026-03-20T00:00:00Z,1.15759
2026-03-21T00:00:00Z,1.1571
2026-03-23T00:00:00Z,1.15617
2026-03-24T00:00:00Z,1.16078
2026-03-25T00:00:00Z,1.16134
2026-03-26T00:00:00Z,1.15611
2026-03-27T00:00:00Z,1.15341
2026-03-28T00:00:00Z,1.15058
2026-03-30T00:00:00Z,1.14914
2026-03-31T00:00:00Z,1.14563
2026-04-01T00:00:00Z,1.15737
2026-04-02T00:00:00Z,1.15894
2026-04-03T00:00:00Z,1.15411
2026-04-04T00:00:00Z,1.1518
2026-04-06T00:00:00Z,1.15095
2026-04-07T00:00:00Z,1.15405
2026-04-08T00:00:00Z,1.16858
2026-04-09T00:00:00Z,1.16585
2026-04-10T00:00:00Z,1.16913
2026-04-11T00:00:00Z,1.1723
2026-04-13T00:00:00Z,1.16746
2026-04-14T00:00:00Z,1.1766
2026-04-15T00:00:00Z,1.17981
2026-04-16T00:00:00Z,1.18064
2026-04-17T00:00:00Z,1.178
2026-04-18T00:00:00Z,1.1765
2026-04-20T00:00:00Z,1.17384
2026-04-21T00:00:00Z,1.17838
2026-04-22T00:00:00Z,1.17438
2026-04-23T00:00:00Z,1.17054
2026-04-24T00:00:00Z,1.16833
2026-04-25T00:00:00Z,1.172
2026-04-27T00:00:00Z,1.17053
2026-04-28T00:00:00Z,1.17227
2026-04-29T00:00:00Z,1.17174
2026-04-30T00:00:00Z,1.16842
2026-05-01T00:00:00Z,1.17286
2026-05-02T00:00:00Z,1.1719
2026-05-04T00:00:00Z,1.1725
2026-05-05T00:00:00Z,1.16913
2026-05-06T00:00:00Z,1.17145
2026-05-07T00:00:00Z,1.1746
2026-05-08T00:00:00Z,1.17303
2026-05-09T00:00:00Z,1.1785
2026-05-11T00:00:00Z,1.17669
2026-05-12T00:00:00Z,1.17782
2026-05-13T00:00:00Z,1.17348
2026-05-14T00:00:00Z,1.17155
2026-05-15T00:00:00Z,1.16616
2026-05-16T00:00:00Z,1.16233
2026-05-18T00:00:00Z,1.16132
2026-05-19T00:00:00Z,1.16544
2026-05-20T00:00:00Z,1.16065
2026-05-21T00:00:00Z,1.16245
2026-05-22T00:00:00Z,1.16176
2026-05-23T00:00:00Z,1.16031
2026-05-25T00:00:00Z,1.16417
2026-05-26T00:00:00Z,1.16355
2026-05-27T00:00:00Z,1.16363
2026-05-28T00:00:00Z,1.16173
2026-05-29T00:00:00Z,1.16521
2026-05-30T00:00:00Z,1.16571
2026-06-01T00:00:00Z,1.16479
2026-06-02T00:00:00Z,1.1633
2026-06-03T00:00:00Z,1.16209
2026-06-04T00:00:00Z,1.16087
2026-06-05T00:00:00Z,1.16121
2026-06-06T00:00:00Z,1.1522
2026-06-08T00:00:00Z,1.15216
2026-06-09T00:00:00Z,1.1527
2026-06-10T00:00:00Z,1.15346
2026-06-11T00:00:00Z,1.1535
2026-06-12T00:00:00Z,1.15753
2026-06-13T00:00:00Z,1.15655
2026-06-15T00:00:00Z,1.16027
2026-06-16T00:00:00Z,1.15909
2026-06-17T00:00:00Z,1.16097
2026-06-18T00:00:00Z,1.15066
2026-06-19T00:00:00Z,1.1458
2026-06-20T00:00:00Z,1.14687
2026-06-22T00:00:00Z,1.1462
2026-06-23T00:00:00Z,1.14266
2026-06-24T00:00:00Z,1.13788
2026-06-25T00:00:00Z,1.13534
2026-06-26T00:00:00Z,1.13612
2026-06-27T00:00:00Z,1.13812
2026-06-29T00:00:00Z,1.1384
2026-06-30T00:00:00Z,1.14188
2026-07-01T00:00:00Z,1.14127
2026-07-02T00:00:00Z,1.1378
2026-07-03T00:00:00Z,1.14222
2026-07-04T00:00:00Z,1.1434
2026-07-06T00:00:00Z,1.14364
2026-07-07T00:00:00Z,1.14411
2026-07-08T00:00:00Z,1.14012
2026-07-09T00:00:00Z,1.14209
2026-07-10T00:00:00Z,1.14329
2026-07-11T00:00:00Z,1.1411
2026-07-13T00:00:00Z,1.14039
2026-07-14T00:00:00Z,1.13832
2026-07-15T00:00:00Z,1.14242
2026-07-16T00:00:00Z,1.14694
2026-07-17T00:00:00Z,1.14448
2026-07-18T00:00:00Z,1.14366
2026-07-20T00:00:00Z,1.14269
2026-07-21T00:00:00Z,1.14155
2026-07-22T00:00:00Z,1.1403
2026-07-23T00:00:00Z,1.1411
2026-07-24T00:00:00Z,1.13763
2026-07-25T00:00:00Z,1.13701
2026-07-27T00:00:00Z,1.13942
2026-07-28T00:00:00Z,1.13686
2026-07-29T00:00:00Z,1.13857
2026-07-30T00:00:00Z,1.1467
2026-07-31T00:00:00Z,1.15228
2026-08-01T00:00:00Z,1.1528
2026-08-03T00:00:00Z,1.15435
